713.000000, 1722
698.000000, 1650
664.000000, 1564
607.000000, 1450
606.000000, 1448
607.000000, 1452
621.000000, 1450
619.000000, 1482
631.000000, 1512
630.000000, 1474
599.000000, 1428
599.000000, 1428
597.000000, 1424
633.000000, 1482
1012.000000, 2500
639.000000, 1498
592.000000, 1412
600.000000, 1430
762.000000, 1442
591.000000, 1408
640.000000, 1500
644.000000, 1512
641.000000, 1538
645.000000, 1514
620.000000, 1488
624.000000, 1460
588.000000, 1400
630.000000, 1474
638.000000, 1530
630.000000, 1510
604.000000, 1444
620.000000, 1486
603.000000, 1438
607.000000, 1450
615.000000, 1472
610.000000, 1456
610.000000, 1454
595.000000, 1422
608.000000, 1456
593.000000, 1416
591.000000, 1410
586.000000, 1396
593.000000, 1410
609.000000, 1454
607.000000, 1450
606.000000, 1448
629.000000, 1470
614.000000, 1432
619.000000, 1450
622.000000, 1452
610.000000, 1424
606.000000, 1410
613.000000, 1428
587.000000, 1398
562.000000, 1334
613.000000, 1466
615.000000, 1470
590.000000, 1408
662.000000, 1556
611.000000, 1458
613.000000, 1466
587.000000, 1394
591.000000, 1408
589.000000, 1404
609.000000, 1452
593.000000, 1410
616.000000, 1472
627.000000, 1500
621.000000, 1484
921.000000, 2266
613.000000, 1464
578.000000, 1376
569.000000, 1350
628.000000, 1468
596.000000, 1420
584.000000, 1394
614.000000, 1464
644.000000, 1546
609.000000, 1454
663.000000, 1560
597.000000, 1424
584.000000, 1392
635.000000, 1524
571.000000, 1356
579.000000, 1378
609.000000, 1456
615.000000, 1468
605.000000, 1442
628.000000, 1504
625.000000, 1498
614.000000, 1470
638.000000, 1534
621.000000, 1486
608.000000, 1448
622.000000, 1486
603.000000, 1440
618.000000, 1478
594.000000, 1418
590.000000, 1406
597.000000, 1422
596.000000, 1420
591.000000, 1406
549.000000, 1302
590.000000, 1406
596.000000, 1418
585.000000, 1394
594.000000, 1416
615.000000, 1436
619.000000, 1446
659.000000, 1550
621.000000, 1482
609.000000, 1456
632.000000, 1480
593.000000, 1416
577.000000, 1370
626.000000, 1498
574.000000, 1364
638.000000, 1492
635.000000, 1520
614.000000, 1464
599.000000, 1430
613.000000, 1460
600.000000, 1432
582.000000, 1384
596.000000, 1422
597.000000, 1422
595.000000, 1420
588.000000, 1402
615.000000, 1470
613.000000, 1468
596.000000, 1422
588.000000, 1400
599.000000, 1428
597.000000, 1426
606.000000, 1450
621.000000, 1484
616.000000, 1470
623.000000, 1496
632.000000, 1516
654.000000, 1534
603.000000, 1440
630.000000, 1508
1129.000000, 2804
604.000000, 1444
586.000000, 1392
618.000000, 1480
602.000000, 1434
595.000000, 1416
640.000000, 1498
588.000000, 1400
626.000000, 1464
1081.000000, 2640
587.000000, 1398
600.000000, 1430
621.000000, 1484
614.000000, 1470
608.000000, 1452
603.000000, 1440
592.000000, 1412
585.000000, 1392
617.000000, 1440
592.000000, 1412
577.000000, 1372
633.000000, 1484
636.000000, 1490
594.000000, 1418
618.000000, 1478
578.000000, 1378
601.000000, 1434
598.000000, 1428
615.000000, 1472
606.000000, 1444
598.000000, 1426
574.000000, 1364
578.000000, 1376
620.000000, 1482
620.000000, 1480
632.000000, 1476
638.000000, 1494
617.000000, 1472
630.000000, 1506
644.000000, 1548
615.000000, 1468
597.000000, 1426
598.000000, 1428
616.000000, 1472
611.000000, 1460
594.000000, 1414
617.000000, 1438
617.000000, 1430
619.000000, 1448
634.000000, 1484
583.000000, 1388
575.000000, 1366
588.000000, 1402
602.000000, 1436
642.000000, 1504
613.000000, 1464
592.000000, 1408
594.000000, 1416
574.000000, 1366
580.000000, 1382
618.000000, 1444
589.000000, 1404
604.000000, 1440
590.000000, 1402
607.000000, 1450
609.000000, 1456
636.000000, 1488
596.000000, 1418
613.000000, 1464
623.000000, 1458
604.000000, 1438
594.000000, 1416
604.000000, 1406
604.000000, 1444
603.000000, 1438
624.000000, 1458
582.000000, 1384
573.000000, 1366
621.000000, 1454
585.000000, 1392
605.000000, 1442
611.000000, 1460
605.000000, 1444
604.000000, 1438
608.000000, 1446
586.000000, 1396
588.000000, 1400
608.000000, 1418
590.000000, 1406
585.000000, 1390
631.000000, 1476
591.000000, 1410
604.000000, 1442
610.000000, 1420
617.000000, 1442
588.000000, 1402
612.000000, 1464
594.000000, 1410
575.000000, 1370
636.000000, 1490
603.000000, 1400
610.000000, 1460
618.000000, 1444
587.000000, 1398
586.000000, 1398
567.000000, 1348
592.000000, 1414
602.000000, 1438
584.000000, 1388
632.000000, 1514
605.000000, 1446
586.000000, 1392
619.000000, 1482
575.000000, 1366
603.000000, 1406
604.000000, 1406
613.000000, 1432
962.000000, 2372
608.000000, 1454
621.000000, 1452
583.000000, 1382
627.000000, 1464
599.000000, 1426
593.000000, 1410
635.000000, 1488
609.000000, 1454
610.000000, 1460
597.000000, 1422
586.000000, 1396
582.000000, 1384
581.000000, 1382
588.000000, 1398
609.000000, 1456
583.000000, 1386
585.000000, 1396
579.000000, 1380
621.000000, 1486
620.000000, 1480
592.000000, 1408
614.000000, 1466
642.000000, 1506
618.000000, 1474
635.000000, 1484
602.000000, 1434
616.000000, 1472
632.000000, 1480
589.000000, 1402
647.000000, 1514
615.000000, 1468
619.000000, 1478
609.000000, 1448
620.000000, 1482
586.000000, 1390
597.000000, 1426
628.000000, 1506
632.000000, 1516
595.000000, 1418
600.000000, 1432
604.000000, 1444
597.000000, 1422
636.000000, 1524
610.000000, 1426
589.000000, 1402
620.000000, 1446
632.000000, 1476
628.000000, 1470
660.000000, 1590
622.000000, 1488
612.000000, 1460
623.000000, 1490
610.000000, 1456
646.000000, 1550
663.000000, 1596
618.000000, 1478
641.000000, 1538
640.000000, 1534
593.000000, 1408
586.000000, 1396
611.000000, 1460
613.000000, 1466
632.000000, 1514
611.000000, 1460
654.000000, 1572
650.000000, 1558
662.000000, 1554
605.000000, 1444
604.000000, 1442
633.000000, 1480
608.000000, 1418
596.000000, 1426
610.000000, 1420
607.000000, 1448
617.000000, 1476
642.000000, 1540
651.000000, 1562
644.000000, 1546
629.000000, 1506
606.000000, 1448
607.000000, 1452
621.000000, 1484
648.000000, 1522
646.000000, 1516
582.000000, 1386
587.000000, 1396
581.000000, 1382
621.000000, 1448
587.000000, 1398
596.000000, 1420
597.000000, 1426
610.000000, 1422
645.000000, 1512
621.000000, 1488
627.000000, 1500
610.000000, 1452
656.000000, 1542
628.000000, 1468
595.000000, 1422
580.000000, 1382
598.000000, 1426
599.000000, 1392
610.000000, 1454
596.000000, 1422
576.000000, 1368
603.000000, 1436
575.000000, 1368
603.000000, 1438
613.000000, 1466
603.000000, 1438
569.000000, 1350
610.000000, 1456
644.000000, 1546
588.000000, 1398
587.000000, 1396
625.000000, 1496
654.000000, 1570
661.000000, 1592
626.000000, 1500
644.000000, 1534
621.000000, 1484
586.000000, 1396
580.000000, 1378
652.000000, 1530
587.000000, 1400
591.000000, 1412
652.000000, 1568
615.000000, 1472
617.000000, 1476
632.000000, 1518
642.000000, 1542
655.000000, 1570
648.000000, 1556
637.000000, 1530
616.000000, 1474
620.000000, 1482
586.000000, 1396
657.000000, 1578
652.000000, 1568
601.000000, 1434
600.000000, 1428
643.000000, 1544
605.000000, 1446
575.000000, 1366
622.000000, 1490
675.000000, 1626
653.000000, 1570
662.000000, 1592
629.000000, 1502
646.000000, 1552
694.000000, 1510
615.000000, 1470
625.000000, 1496
667.000000, 1570
660.000000, 1584
622.000000, 1486
611.000000, 1426
660.000000, 1588
628.000000, 1502
638.000000, 1528
588.000000, 1404
586.000000, 1390
619.000000, 1482
587.000000, 1400
607.000000, 1450
606.000000, 1408
567.000000, 1346
611.000000, 1462
603.000000, 1440
604.000000, 1442
588.000000, 1400
610.000000, 1460
606.000000, 1450
595.000000, 1418
664.000000, 1562
653.000000, 1570
624.000000, 1494
640.000000, 1496
611.000000, 1462
600.000000, 1432
599.000000, 1428
586.000000, 1394
640.000000, 1532
651.000000, 1562
631.000000, 1510
624.000000, 1492
632.000000, 1512
662.000000, 1594
637.000000, 1496
666.000000, 1604
652.000000, 1564
669.000000, 1578
657.000000, 1544
620.000000, 1450
593.000000, 1414
640.000000, 1532
642.000000, 1542
597.000000, 1422
634.000000, 1484
629.000000, 1504
621.000000, 1486
678.000000, 1594
665.000000, 1598
674.000000, 1586
1006.000000, 2448
662.000000, 1556
684.000000, 1614
648.000000, 1542
628.000000, 1504
613.000000, 1464
614.000000, 1470
629.000000, 1508
632.000000, 1516
623.000000, 1456
612.000000, 1462
618.000000, 1480
625.000000, 1458
647.000000, 1554
593.000000, 1410
677.000000, 1596
662.000000, 1594
621.000000, 1486
608.000000, 1450
669.000000, 1578
591.000000, 1412
616.000000, 1440
613.000000, 1462
640.000000, 1534
781.000000, 1496
586.000000, 1398
618.000000, 1478
594.000000, 1416
606.000000, 1450
611.000000, 1462
633.000000, 1518
682.000000, 1642
664.000000, 1596
625.000000, 1496
650.000000, 1526
658.000000, 1546
599.000000, 1428
643.000000, 1546
621.000000, 1486
596.000000, 1420
650.000000, 1562
633.000000, 1522
693.000000, 1670
641.000000, 1538
672.000000, 1616
622.000000, 1490
657.000000, 1546
610.000000, 1422
626.000000, 1498
643.000000, 1542
677.000000, 1630
626.000000, 1500
648.000000, 1560
983.000000, 2424
663.000000, 1594
636.000000, 1528
638.000000, 1528
663.000000, 1594
593.000000, 1412
635.000000, 1522
629.000000, 1506
634.000000, 1520
622.000000, 1488
610.000000, 1460
610.000000, 1422
628.000000, 1498
624.000000, 1496
621.000000, 1490
626.000000, 1494
620.000000, 1486
616.000000, 1478
633.000000, 1520
600.000000, 1432
641.000000, 1540
602.000000, 1436
614.000000, 1468
612.000000, 1462
606.000000, 1444
601.000000, 1434
642.000000, 1504
630.000000, 1510
586.000000, 1396
649.000000, 1524
646.000000, 1552
601.000000, 1430
620.000000, 1484
615.000000, 1472
645.000000, 1548
668.000000, 1612
623.000000, 1458
615.000000, 1434
639.000000, 1534
658.000000, 1580
643.000000, 1542
687.000000, 1620
633.000000, 1516
651.000000, 1564
660.000000, 1592
638.000000, 1522
661.000000, 1556
684.000000, 1648
644.000000, 1546
697.000000, 1650
620.000000, 1488
624.000000, 1494
625.000000, 1464
609.000000, 1454
670.000000, 1612
697.000000, 1652
650.000000, 1524
646.000000, 1550
629.000000, 1472
615.000000, 1466
589.000000, 1404
620.000000, 1450
643.000000, 1508
592.000000, 1414
621.000000, 1452
595.000000, 1416
619.000000, 1484
633.000000, 1484
626.000000, 1500
618.000000, 1442
649.000000, 1556
628.000000, 1466
619.000000, 1444
767.000000, 1458
636.000000, 1526
603.000000, 1442
650.000000, 1528
615.000000, 1472
586.000000, 1398
626.000000, 1496
604.000000, 1442
604.000000, 1440
653.000000, 1538
647.000000, 1550
590.000000, 1406
618.000000, 1442
653.000000, 1532
622.000000, 1488
597.000000, 1422
606.000000, 1446
613.000000, 1466
605.000000, 1444
622.000000, 1488
588.000000, 1398
617.000000, 1474
607.000000, 1448
596.000000, 1420
639.000000, 1534
647.000000, 1552
652.000000, 1564
667.000000, 1604
681.000000, 1644
639.000000, 1534
682.000000, 1610
670.000000, 1610
685.000000, 1652
609.000000, 1454
622.000000, 1486
610.000000, 1462
619.000000, 1472
615.000000, 1468
1102.000000, 2732
614.000000, 1466
617.000000, 1444
591.000000, 1406
568.000000, 1348
643.000000, 1546
604.000000, 1442
604.000000, 1442
583.000000, 1388
606.000000, 1446
592.000000, 1412
632.000000, 1480
592.000000, 1412
612.000000, 1464
588.000000, 1402
630.000000, 1476
631.000000, 1480
610.000000, 1462
596.000000, 1416
611.000000, 1462
629.000000, 1504
610.000000, 1460
575.000000, 1370
580.000000, 1378
582.000000, 1384
633.000000, 1514
632.000000, 1482
619.000000, 1446
578.000000, 1372
611.000000, 1424
600.000000, 1432
609.000000, 1420
605.000000, 1444
619.000000, 1484
623.000000, 1488
675.000000, 1592
640.000000, 1538
1018.000000, 2514
714.000000, 1726
674.000000, 1588
648.000000, 1522
660.000000, 1588
585.000000, 1394
603.000000, 1438
613.000000, 1468
651.000000, 1564
637.000000, 1494
650.000000, 1560
653.000000, 1572
629.000000, 1506
629.000000, 1502
677.000000, 1594
694.000000, 1676
677.000000, 1630
654.000000, 1574
651.000000, 1566
700.000000, 1658
650.000000, 1562
633.000000, 1516
688.000000, 1662
621.000000, 1486
656.000000, 1578
668.000000, 1576
583.000000, 1388
1083.000000, 2684
601.000000, 1434
633.000000, 1484
587.000000, 1400
602.000000, 1436
659.000000, 1582
583.000000, 1392
640.000000, 1536
596.000000, 1420
594.000000, 1416
636.000000, 1526
637.000000, 1492
645.000000, 1510
633.000000, 1480
623.000000, 1454
653.000000, 1534
705.000000, 1704
592.000000, 1414
613.000000, 1466
613.000000, 1462
618.000000, 1480
649.000000, 1522
630.000000, 1472
598.000000, 1428
597.000000, 1424
648.000000, 1556
629.000000, 1504
627.000000, 1502
651.000000, 1564
707.000000, 1674
609.000000, 1456
630.000000, 1512
606.000000, 1446
593.000000, 1410
616.000000, 1470
629.000000, 1508
641.000000, 1504
648.000000, 1558
635.000000, 1520
643.000000, 1544
637.000000, 1524
621.000000, 1490
600.000000, 1430
629.000000, 1508
605.000000, 1442
643.000000, 1542
620.000000, 1484
609.000000, 1454
611.000000, 1426
613.000000, 1468
586.000000, 1394
696.000000, 1442
599.000000, 1430
564.000000, 1340
606.000000, 1446
649.000000, 1560
643.000000, 1542
686.000000, 1656
664.000000, 1600
604.000000, 1440
637.000000, 1526
657.000000, 1578
650.000000, 1552
658.000000, 1584
1087.000000, 2696
656.000000, 1576
658.000000, 1580
654.000000, 1568
628.000000, 1508
646.000000, 1552
670.000000, 1614
663.000000, 1596
657.000000, 1578
665.000000, 1598
642.000000, 1538
660.000000, 1588
661.000000, 1586
645.000000, 1546
646.000000, 1546
644.000000, 1548
657.000000, 1542
640.000000, 1536
626.000000, 1500
626.000000, 1466
617.000000, 1474
637.000000, 1530
602.000000, 1438
633.000000, 1518
601.000000, 1432
629.000000, 1506
629.000000, 1504
635.000000, 1518
617.000000, 1476
640.000000, 1536
657.000000, 1578
634.000000, 1520
635.000000, 1486
613.000000, 1468
612.000000, 1466
615.000000, 1468
624.000000, 1498
600.000000, 1432
627.000000, 1500
619.000000, 1484
640.000000, 1534
674.000000, 1588
589.000000, 1404
603.000000, 1440
646.000000, 1516
646.000000, 1516
577.000000, 1372
644.000000, 1546
620.000000, 1484
621.000000, 1486
646.000000, 1550
682.000000, 1642
660.000000, 1586
654.000000, 1568
646.000000, 1554
625.000000, 1494
615.000000, 1466
590.000000, 1402
581.000000, 1382
612.000000, 1460
630.000000, 1476
603.000000, 1440
618.000000, 1434
644.000000, 1546
632.000000, 1516
648.000000, 1518
661.000000, 1594
643.000000, 1542
635.000000, 1486
626.000000, 1498
621.000000, 1488
675.000000, 1628
663.000000, 1596
643.000000, 1544
657.000000, 1580
647.000000, 1554
604.000000, 1446
597.000000, 1426
633.000000, 1520
631.000000, 1514
626.000000, 1464
639.000000, 1498
595.000000, 1420
584.000000, 1388
626.000000, 1462
617.000000, 1474
613.000000, 1466
599.000000, 1428
592.000000, 1408
642.000000, 1506
614.000000, 1432
603.000000, 1440
639.000000, 1532
580.000000, 1382
625.000000, 1498
612.000000, 1460
614.000000, 1470
594.000000, 1416
619.000000, 1476
599.000000, 1426
603.000000, 1440
643.000000, 1544
600.000000, 1432
591.000000, 1406
606.000000, 1444
606.000000, 1450
600.000000, 1432
633.000000, 1518
629.000000, 1508
617.000000, 1478
625.000000, 1498
625.000000, 1496
612.000000, 1462
605.000000, 1446
627.000000, 1504
644.000000, 1544
622.000000, 1488
631.000000, 1510
592.000000, 1410
605.000000, 1442
620.000000, 1484
650.000000, 1562
660.000000, 1588
644.000000, 1548
647.000000, 1520
627.000000, 1464
590.000000, 1406
618.000000, 1478
654.000000, 1538
636.000000, 1522
593.000000, 1414
596.000000, 1418
607.000000, 1450
605.000000, 1440
663.000000, 1556
651.000000, 1564
637.000000, 1524
658.000000, 1572
640.000000, 1538
670.000000, 1610
685.000000, 1652
665.000000, 1600
633.000000, 1516
643.000000, 1542
652.000000, 1564
654.000000, 1532
647.000000, 1552
665.000000, 1566
661.000000, 1556
647.000000, 1554
637.000000, 1526
631.000000, 1510
640.000000, 1534
644.000000, 1544
653.000000, 1566
656.000000, 1576
613.000000, 1464
619.000000, 1482
738.000000, 1790
655.000000, 1572
639.000000, 1532
660.000000, 1590
640.000000, 1534
633.000000, 1516
721.000000, 1582
647.000000, 1556
646.000000, 1550
658.000000, 1550
632.000000, 1514
639.000000, 1534
670.000000, 1612
619.000000, 1480
634.000000, 1522
660.000000, 1590
648.000000, 1556
624.000000, 1492
683.000000, 1646
682.000000, 1610
669.000000, 1614
659.000000, 1586
661.000000, 1556
656.000000, 1542
652.000000, 1534
641.000000, 1502
652.000000, 1566
669.000000, 1608
642.000000, 1540
646.000000, 1552
670.000000, 1580
654.000000, 1538
651.000000, 1564
653.000000, 1570
644.000000, 1512
638.000000, 1526
676.000000, 1590
652.000000, 1534
636.000000, 1524
666.000000, 1568
668.000000, 1576
623.000000, 1496
642.000000, 1540
637.000000, 1528
654.000000, 1536
671.000000, 1580
670.000000, 1578
642.000000, 1504
649.000000, 1558
632.000000, 1512
640.000000, 1534
1027.000000, 2536
642.000000, 1538
652.000000, 1568
679.000000, 1600
640.000000, 1536
653.000000, 1572
667.000000, 1608
657.000000, 1546
651.000000, 1564
651.000000, 1560
642.000000, 1542
644.000000, 1548
673.000000, 1584
948.000000, 2300
660.000000, 1586
664.000000, 1598
642.000000, 1542
652.000000, 1568
637.000000, 1526
610.000000, 1458
614.000000, 1468
638.000000, 1526
575.000000, 1364
603.000000, 1440
629.000000, 1472
649.000000, 1524
656.000000, 1576
676.000000, 1594
646.000000, 1516
597.000000, 1426
629.000000, 1474
632.000000, 1514
634.000000, 1522
657.000000, 1546
653.000000, 1570
638.000000, 1532
651.000000, 1566
656.000000, 1576
635.000000, 1520
676.000000, 1594
654.000000, 1536
639.000000, 1496
663.000000, 1598
650.000000, 1564
646.000000, 1554
668.000000, 1574
639.000000, 1530
630.000000, 1474
644.000000, 1546
613.000000, 1466
614.000000, 1468
605.000000, 1448
619.000000, 1448
620.000000, 1484
608.000000, 1454
577.000000, 1374
585.000000, 1388
650.000000, 1526
640.000000, 1536
643.000000, 1546
647.000000, 1520
606.000000, 1446
617.000000, 1472
633.000000, 1520
626.000000, 1498
623.000000, 1492
645.000000, 1548
629.000000, 1472
654.000000, 1536
625.000000, 1496
605.000000, 1444
608.000000, 1454
644.000000, 1548
609.000000, 1456
624.000000, 1496
642.000000, 1540
582.000000, 1386
627.000000, 1500
651.000000, 1528
613.000000, 1466
601.000000, 1434
698.000000, 1682
660.000000, 1548
653.000000, 1532
655.000000, 1572
651.000000, 1528
660.000000, 1584
673.000000, 1576
651.000000, 1524
633.000000, 1516
671.000000, 1582
613.000000, 1464
622.000000, 1488
663.000000, 1596
615.000000, 1466
639.000000, 1500
593.000000, 1414
607.000000, 1416
577.000000, 1370
624.000000, 1458
606.000000, 1412
632.000000, 1480
670.000000, 1610
639.000000, 1536
604.000000, 1442
681.000000, 1608
652.000000, 1530
654.000000, 1538
619.000000, 1448
584.000000, 1390
652.000000, 1532
660.000000, 1550
645.000000, 1550
634.000000, 1486
652.000000, 1568
661.000000, 1554
641.000000, 1536
642.000000, 1538
617.000000, 1474
612.000000, 1460
654.000000, 1570
665.000000, 1566
628.000000, 1504
633.000000, 1518
672.000000, 1586
646.000000, 1550
606.000000, 1444
611.000000, 1458
609.000000, 1452
672.000000, 1584
659.000000, 1546
678.000000, 1598
635.000000, 1520
618.000000, 1480
667.000000, 1604
621.000000, 1486
674.000000, 1588
647.000000, 1518
677.000000, 1596
670.000000, 1578
665.000000, 1568
643.000000, 1542
627.000000, 1498
648.000000, 1554
642.000000, 1540
644.000000, 1512
674.000000, 1620
662.000000, 1594
639.000000, 1534
592.000000, 1412
652.000000, 1564
669.000000, 1574
643.000000, 1542
623.000000, 1486
680.000000, 1640
647.000000, 1554
668.000000, 1608
676.000000, 1628
674.000000, 1588
646.000000, 1552
650.000000, 1560
651.000000, 1528
672.000000, 1618
681.000000, 1642
610.000000, 1456
658.000000, 1546
632.000000, 1478
645.000000, 1510
635.000000, 1490
606.000000, 1412
604.000000, 1444
661.000000, 1592
654.000000, 1570
683.000000, 1648
642.000000, 1538
634.000000, 1518
646.000000, 1552
655.000000, 1574
678.000000, 1596
669.000000, 1576
667.000000, 1568
1029.000000, 2544
650.000000, 1526
655.000000, 1570
664.000000, 1598
688.000000, 1658
662.000000, 1594
680.000000, 1604
658.000000, 1546
632.000000, 1510
692.000000, 1634
646.000000, 1554
657.000000, 1582
662.000000, 1592
936.000000, 2298
644.000000, 1544
667.000000, 1606
662.000000, 1592
661.000000, 1554
634.000000, 1520
642.000000, 1542
665.000000, 1600
675.000000, 1628
657.000000, 1576
680.000000, 1630
685.000000, 1620
669.000000, 1612
687.000000, 1656
618.000000, 1476
652.000000, 1532
661.000000, 1592
664.000000, 1596
634.000000, 1516
668.000000, 1610
650.000000, 1560
623.000000, 1490
653.000000, 1568
644.000000, 1546
620.000000, 1482
694.000000, 1640
691.000000, 1630
668.000000, 1606
688.000000, 1660
663.000000, 1592
672.000000, 1618
676.000000, 1594
682.000000, 1608
642.000000, 1542
648.000000, 1556
679.000000, 1638
658.000000, 1578
669.000000, 1608
643.000000, 1540
687.000000, 1624
688.000000, 1662
679.000000, 1602
611.000000, 1458
634.000000, 1520
591.000000, 1408
603.000000, 1404
658.000000, 1548
660.000000, 1550
659.000000, 1550
657.000000, 1582
679.000000, 1634
655.000000, 1538
613.000000, 1468
636.000000, 1520
651.000000, 1530
649.000000, 1556
622.000000, 1452
608.000000, 1454
608.000000, 1452
593.000000, 1414
581.000000, 1382
619.000000, 1482
620.000000, 1452
592.000000, 1412
652.000000, 1570
614.000000, 1468
586.000000, 1396
602.000000, 1436
637.000000, 1528
654.000000, 1572
647.000000, 1550
644.000000, 1542
648.000000, 1556
664.000000, 1598
622.000000, 1488
599.000000, 1430
625.000000, 1460
599.000000, 1430
625.000000, 1462
628.000000, 1502
584.000000, 1388
588.000000, 1402
609.000000, 1454
599.000000, 1428
581.000000, 1384
596.000000, 1422
606.000000, 1444
640.000000, 1502
669.000000, 1572
652.000000, 1564
616.000000, 1472
611.000000, 1458
594.000000, 1416
625.000000, 1494
711.000000, 1720
633.000000, 1518
633.000000, 1518
649.000000, 1522
606.000000, 1448
660.000000, 1554
619.000000, 1478
606.000000, 1450
642.000000, 1504
638.000000, 1496
612.000000, 1468
598.000000, 1426
634.000000, 1520
605.000000, 1442
604.000000, 1444
589.000000, 1404
603.000000, 1436
592.000000, 1406
658.000000, 1584
613.000000, 1428
633.000000, 1480
658.000000, 1546
621.000000, 1486
612.000000, 1428
636.000000, 1484
607.000000, 1414
621.000000, 1452
612.000000, 1462
649.000000, 1524
643.000000, 1506
646.000000, 1514
627.000000, 1466
649.000000, 1522
621.000000, 1452
637.000000, 1494
589.000000, 1402
644.000000, 1510
654.000000, 1538
645.000000, 1548
638.000000, 1530
649.000000, 1524
635.000000, 1520
627.000000, 1506
612.000000, 1462
605.000000, 1436
609.000000, 1454
633.000000, 1482
593.000000, 1412
650.000000, 1524
602.000000, 1436
615.000000, 1466
631.000000, 1476
645.000000, 1514
630.000000, 1476
632.000000, 1476
603.000000, 1442
629.000000, 1506
629.000000, 1508
630.000000, 1508
599.000000, 1430
629.000000, 1474
639.000000, 1498
628.000000, 1466
624.000000, 1456
592.000000, 1410
661.000000, 1586
647.000000, 1520
661.000000, 1558
638.000000, 1530
636.000000, 1524
652.000000, 1562
653.000000, 1566
611.000000, 1456
634.000000, 1516
574.000000, 1366
622.000000, 1454
579.000000, 1380
578.000000, 1376
652.000000, 1530
601.000000, 1430
605.000000, 1446
656.000000, 1538
653.000000, 1572
604.000000, 1442
659.000000, 1550
653.000000, 1534
639.000000, 1530
659.000000, 1548
678.000000, 1602
658.000000, 1582
618.000000, 1480
634.000000, 1522
625.000000, 1496
625.000000, 1500
628.000000, 1502
602.000000, 1436
905.000000, 2224
616.000000, 1476
636.000000, 1526
614.000000, 1470
638.000000, 1528
606.000000, 1448
608.000000, 1452
609.000000, 1458
639.000000, 1496
625.000000, 1462
600.000000, 1434
629.000000, 1472
608.000000, 1450
642.000000, 1506
591.000000, 1408
627.000000, 1502
650.000000, 1526
611.000000, 1462
615.000000, 1470
637.000000, 1494
567.000000, 1344
618.000000, 1444
626.000000, 1464
606.000000, 1416
625.000000, 1464
645.000000, 1512
621.000000, 1454
656.000000, 1540
665.000000, 1564
602.000000, 1402
593.000000, 1410
630.000000, 1474
611.000000, 1424
657.000000, 1546
648.000000, 1518
633.000000, 1516
654.000000, 1536
653.000000, 1570
633.000000, 1520
579.000000, 1380
633.000000, 1516
610.000000, 1456
607.000000, 1452
647.000000, 1550
652.000000, 1552
653.000000, 1532
627.000000, 1466
571.000000, 1360
640.000000, 1502
670.000000, 1580
641.000000, 1538
636.000000, 1522
656.000000, 1576
946.000000, 2328
584.000000, 1392
602.000000, 1434
589.000000, 1368
614.000000, 1432
637.000000, 1490
590.000000, 1406
588.000000, 1398
618.000000, 1442
614.000000, 1466
618.000000, 1476
662.000000, 1558
649.000000, 1560
641.000000, 1536
670.000000, 1612
660.000000, 1590
641.000000, 1540
647.000000, 1556
642.000000, 1540
648.000000, 1556
627.000000, 1490
619.000000, 1442
631.000000, 1512
632.000000, 1516
621.000000, 1484
616.000000, 1474
637.000000, 1528
600.000000, 1432
647.000000, 1516
628.000000, 1468
642.000000, 1540
650.000000, 1560
652.000000, 1566
619.000000, 1478
631.000000, 1510
658.000000, 1546
647.000000, 1514
628.000000, 1504
1140.000000, 2828
632.000000, 1512
674.000000, 1586
663.000000, 1562
633.000000, 1480
643.000000, 1544
663.000000, 1560
627.000000, 1498
627.000000, 1464
650.000000, 1530
617.000000, 1480
612.000000, 1462
703.000000, 1662
636.000000, 1492
650.000000, 1528
671.000000, 1582
611.000000, 1460
641.000000, 1538
646.000000, 1548
634.000000, 1518
632.000000, 1512
664.000000, 1598
622.000000, 1490
664.000000, 1564
656.000000, 1578
616.000000, 1476
629.000000, 1502
664.000000, 1594
662.000000, 1558
648.000000, 1556
655.000000, 1572
627.000000, 1502
642.000000, 1536
621.000000, 1486
619.000000, 1478
632.000000, 1478
645.000000, 1510
590.000000, 1408
588.000000, 1404
647.000000, 1552
625.000000, 1452
640.000000, 1536
639.000000, 1534
635.000000, 1518
614.000000, 1432
613.000000, 1466
613.000000, 1466
598.000000, 1428
606.000000, 1446
600.000000, 1430
612.000000, 1462
606.000000, 1448
643.000000, 1544
628.000000, 1468
664.000000, 1564
625.000000, 1496
672.000000, 1584
650.000000, 1528
662.000000, 1594
656.000000, 1564
649.000000, 1552
653.000000, 1534
642.000000, 1542
667.000000, 1604
659.000000, 1576
643.000000, 1542
632.000000, 1512
626.000000, 1500
634.000000, 1482
611.000000, 1422
614.000000, 1432
609.000000, 1458
635.000000, 1488
615.000000, 1438
597.000000, 1424
685.000000, 1650
624.000000, 1496
608.000000, 1450
658.000000, 1544
638.000000, 1498
646.000000, 1554
647.000000, 1558
630.000000, 1510
605.000000, 1446
637.000000, 1526
628.000000, 1502
626.000000, 1502
633.000000, 1514
609.000000, 1454
620.000000, 1484
608.000000, 1450
652.000000, 1530
600.000000, 1394
589.000000, 1402
684.000000, 1614
660.000000, 1552
675.000000, 1590
588.000000, 1400
641.000000, 1504
646.000000, 1552
647.000000, 1518
647.000000, 1518
665.000000, 1564
635.000000, 1486
689.000000, 1624
623.000000, 1494
644.000000, 1546
677.000000, 1596
648.000000, 1520
616.000000, 1470
635.000000, 1518
667.000000, 1568
662.000000, 1556
661.000000, 1554
629.000000, 1506
643.000000, 1508
650.000000, 1560
663.000000, 1558
674.000000, 1590
605.000000, 1440
619.000000, 1480
637.000000, 1492
616.000000, 1468
669.000000, 1612
644.000000, 1536
640.000000, 1498
654.000000, 1536
632.000000, 1516
653.000000, 1566
642.000000, 1538
596.000000, 1422
631.000000, 1512
668.000000, 1576
661.000000, 1592
644.000000, 1544
697.000000, 1652
649.000000, 1560
644.000000, 1510
655.000000, 1574
614.000000, 1468
621.000000, 1486
675.000000, 1592
623.000000, 1492
662.000000, 1594
668.000000, 1612
661.000000, 1590
651.000000, 1564
656.000000, 1578
607.000000, 1450
606.000000, 1448
619.000000, 1446
656.000000, 1578
659.000000, 1552
659.000000, 1586
638.000000, 1528
655.000000, 1574
641.000000, 1536
647.000000, 1554
683.000000, 1648
627.000000, 1502
600.000000, 1430
616.000000, 1472
655.000000, 1572
647.000000, 1520
672.000000, 1584
659.000000, 1550
632.000000, 1512
640.000000, 1536
672.000000, 1584
670.000000, 1612
609.000000, 1456
649.000000, 1524
618.000000, 1480
629.000000, 1506
603.000000, 1440
644.000000, 1544
610.000000, 1458
645.000000, 1548
674.000000, 1588
623.000000, 1492
666.000000, 1566
634.000000, 1524
656.000000, 1544
633.000000, 1480
662.000000, 1554
625.000000, 1458
659.000000, 1582
581.000000, 1380
599.000000, 1426
604.000000, 1444
615.000000, 1436
657.000000, 1544
607.000000, 1450
657.000000, 1544
584.000000, 1390
625.000000, 1464
661.000000, 1556
619.000000, 1448
678.000000, 1632
601.000000, 1436
636.000000, 1492
617.000000, 1476
618.000000, 1478
602.000000, 1438
611.000000, 1458
647.000000, 1520
594.000000, 1416
665.000000, 1602
614.000000, 1468
615.000000, 1436
658.000000, 1536
629.000000, 1512
662.000000, 1560
692.000000, 1638
619.000000, 1480
591.000000, 1406
631.000000, 1514
618.000000, 1480
656.000000, 1574
695.000000, 1668
676.000000, 1630
634.000000, 1518
684.000000, 1614
604.000000, 1444
630.000000, 1512
579.000000, 1374
643.000000, 1508
640.000000, 1500
625.000000, 1462
654.000000, 1568
627.000000, 1500
668.000000, 1606
627.000000, 1502
672.000000, 1582
662.000000, 1594
577.000000, 1372
612.000000, 1430
604.000000, 1440
659.000000, 1552
662.000000, 1556
657.000000, 1542
650.000000, 1528
687.000000, 1656
657.000000, 1544
647.000000, 1554
674.000000, 1588
692.000000, 1632
630.000000, 1510
616.000000, 1472
636.000000, 1526
680.000000, 1640
658.000000, 1546
663.000000, 1558
644.000000, 1546
624.000000, 1496
661.000000, 1590
653.000000, 1534
612.000000, 1428
616.000000, 1440
590.000000, 1408
605.000000, 1444
650.000000, 1560
656.000000, 1576
683.000000, 1612
666.000000, 1604
584.000000, 1392
615.000000, 1438
639.000000, 1496
585.000000, 1390
624.000000, 1490
630.000000, 1514
608.000000, 1452
602.000000, 1432
642.000000, 1508
632.000000, 1518
664.000000, 1598
623.000000, 1490
640.000000, 1538
613.000000, 1466
618.000000, 1476
608.000000, 1454
624.000000, 1494
627.000000, 1502
611.000000, 1460
635.000000, 1522
626.000000, 1498
621.000000, 1486
600.000000, 1430
664.000000, 1594
649.000000, 1558
651.000000, 1562
614.000000, 1466
618.000000, 1476
599.000000, 1428
657.000000, 1568
630.000000, 1510
624.000000, 1494
658.000000, 1544
654.000000, 1568
621.000000, 1448
618.000000, 1476
629.000000, 1508
662.000000, 1592
689.000000, 1630
643.000000, 1544
634.000000, 1522
696.000000, 1644
620.000000, 1484
611.000000, 1462
624.000000, 1458
662.000000, 1558
672.000000, 1586
672.000000, 1582
654.000000, 1574
622.000000, 1490
681.000000, 1606
625.000000, 1496
638.000000, 1528
667.000000, 1572
637.000000, 1524
623.000000, 1490
649.000000, 1556
619.000000, 1444
589.000000, 1404
610.000000, 1458
616.000000, 1474
590.000000, 1404
659.000000, 1584
655.000000, 1572
608.000000, 1450
658.000000, 1546
636.000000, 1490
617.000000, 1480
613.000000, 1464
634.000000, 1522
623.000000, 1492
626.000000, 1500
641.000000, 1538
626.000000, 1456
614.000000, 1468
602.000000, 1436
617.000000, 1474
611.000000, 1460
634.000000, 1520
657.000000, 1580
653.000000, 1570
636.000000, 1528
600.000000, 1432
637.000000, 1528
664.000000, 1560
673.000000, 1618
664.000000, 1598
920.000000, 2228
617.000000, 1474
598.000000, 1424
621.000000, 1490
606.000000, 1450
631.000000, 1510
630.000000, 1508
613.000000, 1460
621.000000, 1486
589.000000, 1400
602.000000, 1438
621.000000, 1486
611.000000, 1460
578.000000, 1374
619.000000, 1448
630.000000, 1476
618.000000, 1440
597.000000, 1420
665.000000, 1564
647.000000, 1518
674.000000, 1592
641.000000, 1534
670.000000, 1580
638.000000, 1528
673.000000, 1584
668.000000, 1570
704.000000, 1670
633.000000, 1484
592.000000, 1412
635.000000, 1488
575.000000, 1368
631.000000, 1512
602.000000, 1436
581.000000, 1380
590.000000, 1404
663.000000, 1554
799.000000, 1950
632.000000, 1518
637.000000, 1528
627.000000, 1464
609.000000, 1456
596.000000, 1422
863.000000, 2114
612.000000, 1460
646.000000, 1516
587.000000, 1396
644.000000, 1510
611.000000, 1460
626.000000, 1464
626.000000, 1500
651.000000, 1560
656.000000, 1574
626.000000, 1500
665.000000, 1564
657.000000, 1544
645.000000, 1548
632.000000, 1512
632.000000, 1512
626.000000, 1498
654.000000, 1570
663.000000, 1596
686.000000, 1654
659.000000, 1544
655.000000, 1538
636.000000, 1526
640.000000, 1536
654.000000, 1536
648.000000, 1556
699.000000, 1654
638.000000, 1496
626.000000, 1502
711.000000, 1682
603.000000, 1442
635.000000, 1520
615.000000, 1470
657.000000, 1578
661.000000, 1554
679.000000, 1600
657.000000, 1544
666.000000, 1568
673.000000, 1582
668.000000, 1572
629.000000, 1506
633.000000, 1516
626.000000, 1498
613.000000, 1426
612.000000, 1460
595.000000, 1418
609.000000, 1454
596.000000, 1422
614.000000, 1470
611.000000, 1464
627.000000, 1468
658.000000, 1546
667.000000, 1570
908.000000, 2196
624.000000, 1494
634.000000, 1520
639.000000, 1496
616.000000, 1472
635.000000, 1486
619.000000, 1480
635.000000, 1524
599.000000, 1430
667.000000, 1604
686.000000, 1622
618.000000, 1474
629.000000, 1472
601.000000, 1430
631.000000, 1476
623.000000, 1494
607.000000, 1448
586.000000, 1392
617.000000, 1480
649.000000, 1558
677.000000, 1630
662.000000, 1556
600.000000, 1434
638.000000, 1496
652.000000, 1532
620.000000, 1452
644.000000, 1512
673.000000, 1584
656.000000, 1542
636.000000, 1526
595.000000, 1420
620.000000, 1480
591.000000, 1406
599.000000, 1424
590.000000, 1408
572.000000, 1322
638.000000, 1494
628.000000, 1470
665.000000, 1566
643.000000, 1506
614.000000, 1470
604.000000, 1442
630.000000, 1508
640.000000, 1502
616.000000, 1472
615.000000, 1472
580.000000, 1378
611.000000, 1460
622.000000, 1488
598.000000, 1424
608.000000, 1456
603.000000, 1440
629.000000, 1470
644.000000, 1546
638.000000, 1530
623.000000, 1492
596.000000, 1418
561.000000, 1294
614.000000, 1468
598.000000, 1426
621.000000, 1484
629.000000, 1502
588.000000, 1402
618.000000, 1442
589.000000, 1402
572.000000, 1360
590.000000, 1406
599.000000, 1390
622.000000, 1456
578.000000, 1374
626.000000, 1456
610.000000, 1420
623.000000, 1456
640.000000, 1502
634.000000, 1486
608.000000, 1452
608.000000, 1416
635.000000, 1490
610.000000, 1420
691.000000, 1632
644.000000, 1514
645.000000, 1516
631.000000, 1512
638.000000, 1492
612.000000, 1462
610.000000, 1456
596.000000, 1422
620.000000, 1450
616.000000, 1472
624.000000, 1462
640.000000, 1502
605.000000, 1410
612.000000, 1426
596.000000, 1422
596.000000, 1416
614.000000, 1432
629.000000, 1504
626.000000, 1498
627.000000, 1468
611.000000, 1424
632.000000, 1514
645.000000, 1546
632.000000, 1514
642.000000, 1508
624.000000, 1456
631.000000, 1512
666.000000, 1568
649.000000, 1558
672.000000, 1586
645.000000, 1548
652.000000, 1570
639.000000, 1532
664.000000, 1602
644.000000, 1510
655.000000, 1538
662.000000, 1556
621.000000, 1488
664.000000, 1562
648.000000, 1520
648.000000, 1556
649.000000, 1560
650.000000, 1560
638.000000, 1530
660.000000, 1554
653.000000, 1534
633.000000, 1518
667.000000, 1568
637.000000, 1494
626.000000, 1504
655.000000, 1538
653.000000, 1534
627.000000, 1502
639.000000, 1498
624.000000, 1456
624.000000, 1456
600.000000, 1430
584.000000, 1390
614.000000, 1468
608.000000, 1454
628.000000, 1504
611.000000, 1458
634.000000, 1520
615.000000, 1468
616.000000, 1472
644.000000, 1510
601.000000, 1436
616.000000, 1474
637.000000, 1490
641.000000, 1502
641.000000, 1506
634.000000, 1484
634.000000, 1478
631.000000, 1478
617.000000, 1478
633.000000, 1480
645.000000, 1550
598.000000, 1428
612.000000, 1460
634.000000, 1520
678.000000, 1600
659.000000, 1588
653.000000, 1570
656.000000, 1574
635.000000, 1520
592.000000, 1412
629.000000, 1508
594.000000, 1416
588.000000, 1400
601.000000, 1434
612.000000, 1462
602.000000, 1436
648.000000, 1554
611.000000, 1460
623.000000, 1490
667.000000, 1604
617.000000, 1474
643.000000, 1544
655.000000, 1540
652.000000, 1570
642.000000, 1504
658.000000, 1578
658.000000, 1548
640.000000, 1498
681.000000, 1638
653.000000, 1570
672.000000, 1580
684.000000, 1616
630.000000, 1506
640.000000, 1534
612.000000, 1462
625.000000, 1496
621.000000, 1488
641.000000, 1540
634.000000, 1520
640.000000, 1530
665.000000, 1602
666.000000, 1570
676.000000, 1592
683.000000, 1642
631.000000, 1476
669.000000, 1612
633.000000, 1516
646.000000, 1552
661.000000, 1592
640.000000, 1536
646.000000, 1550
624.000000, 1496
657.000000, 1580
657.000000, 1584
621.000000, 1486
619.000000, 1482
631.000000, 1512
634.000000, 1486
641.000000, 1534
638.000000, 1496
598.000000, 1424
625.000000, 1498
613.000000, 1466
642.000000, 1542
676.000000, 1590
641.000000, 1500
676.000000, 1594
645.000000, 1512
640.000000, 1502
640.000000, 1502
657.000000, 1544
601.000000, 1434
627.000000, 1502
646.000000, 1548
641.000000, 1540
663.000000, 1562
674.000000, 1588
660.000000, 1554
619.000000, 1482
582.000000, 1386
630.000000, 1508
635.000000, 1524
620.000000, 1488
637.000000, 1526
626.000000, 1502
652.000000, 1568
647.000000, 1520
623.000000, 1494
610.000000, 1460
599.000000, 1426
614.000000, 1468
609.000000, 1452
617.000000, 1474
617.000000, 1476
634.000000, 1482
634.000000, 1486
613.000000, 1428
625.000000, 1498
596.000000, 1422
943.000000, 2324
625.000000, 1462
621.000000, 1450
616.000000, 1472
654.000000, 1538
628.000000, 1470
620.000000, 1482
628.000000, 1502
654.000000, 1568
618.000000, 1478
645.000000, 1548
650.000000, 1564
664.000000, 1598
672.000000, 1620
651.000000, 1564
646.000000, 1552
649.000000, 1560
640.000000, 1536
651.000000, 1562
672.000000, 1586
662.000000, 1590
652.000000, 1532
663.000000, 1596
648.000000, 1554
643.000000, 1544
663.000000, 1598
658.000000, 1546
641.000000, 1504
647.000000, 1554
647.000000, 1518
657.000000, 1548
657.000000, 1580
668.000000, 1572
656.000000, 1578
651.000000, 1522
622.000000, 1454
616.000000, 1438
613.000000, 1468
608.000000, 1452
606.000000, 1446
620.000000, 1482
637.000000, 1528
658.000000, 1586
659.000000, 1586
644.000000, 1548
639.000000, 1532
634.000000, 1518
654.000000, 1572
649.000000, 1558
644.000000, 1548
640.000000, 1532
630.000000, 1512
657.000000, 1582
656.000000, 1578
646.000000, 1550
659.000000, 1584
633.000000, 1520
646.000000, 1552
642.000000, 1542
654.000000, 1570
638.000000, 1526
657.000000, 1544
658.000000, 1546
631.000000, 1510
630.000000, 1474
649.000000, 1560
630.000000, 1510
645.000000, 1510
634.000000, 1484
631.000000, 1510
658.000000, 1548
628.000000, 1504
639.000000, 1500
642.000000, 1542
631.000000, 1512
902.000000, 2214
638.000000, 1530
639.000000, 1532
630.000000, 1508
662.000000, 1556
627.000000, 1502
627.000000, 1502
635.000000, 1524
620.000000, 1448
624.000000, 1460
631.000000, 1478
619.000000, 1484
646.000000, 1516
654.000000, 1536
639.000000, 1534
651.000000, 1564
580.000000, 1344
652.000000, 1562
666.000000, 1566
668.000000, 1570
668.000000, 1572
632.000000, 1480
648.000000, 1552
655.000000, 1538
661.000000, 1554
650.000000, 1564
651.000000, 1562
654.000000, 1572
648.000000, 1558
1041.000000, 2540
641.000000, 1540
642.000000, 1538
650.000000, 1558
654.000000, 1536
626.000000, 1500
613.000000, 1466
618.000000, 1478
633.000000, 1520
614.000000, 1468
628.000000, 1504
608.000000, 1450
627.000000, 1466
658.000000, 1576
655.000000, 1540
656.000000, 1580
662.000000, 1554
642.000000, 1542
651.000000, 1532
671.000000, 1582
653.000000, 1532
666.000000, 1570
648.000000, 1554
640.000000, 1534
630.000000, 1508
637.000000, 1530
636.000000, 1524
655.000000, 1576
653.000000, 1568
644.000000, 1548
641.000000, 1536
1058.000000, 2586
653.000000, 1532
646.000000, 1550
654.000000, 1570
660.000000, 1550
664.000000, 1596
825.000000, 1630
670.000000, 1576
662.000000, 1558
654.000000, 1536
623.000000, 1494
592.000000, 1410
604.000000, 1446
641.000000, 1502
618.000000, 1478
603.000000, 1442
648.000000, 1524
645.000000, 1510
626.000000, 1498
650.000000, 1564
620.000000, 1484
621.000000, 1486
605.000000, 1444
645.000000, 1550
662.000000, 1592
678.000000, 1600
646.000000, 1552
658.000000, 1574
644.000000, 1546
639.000000, 1534
636.000000, 1524
646.000000, 1516
647.000000, 1552
623.000000, 1488
659.000000, 1588
652.000000, 1562
650.000000, 1560
648.000000, 1556
636.000000, 1522
667.000000, 1570
637.000000, 1528
660.000000, 1586
639.000000, 1536
644.000000, 1548
614.000000, 1470
632.000000, 1476
617.000000, 1476
628.000000, 1506
667.000000, 1606
669.000000, 1576
686.000000, 1618
651.000000, 1532
627.000000, 1500
645.000000, 1550
632.000000, 1480
637.000000, 1522
598.000000, 1426
635.000000, 1486
690.000000, 1628
621.000000, 1484
609.000000, 1458
662.000000, 1592
657.000000, 1544
658.000000, 1548
684.000000, 1614
650.000000, 1562
638.000000, 1532
610.000000, 1456
633.000000, 1484
613.000000, 1466
645.000000, 1512
640.000000, 1500
646.000000, 1518
660.000000, 1586
641.000000, 1534
652.000000, 1534
628.000000, 1504
660.000000, 1590
643.000000, 1542
667.000000, 1570
652.000000, 1530
649.000000, 1560
646.000000, 1554
668.000000, 1574
1099.000000, 2690
660.000000, 1588
665.000000, 1562
654.000000, 1574
654.000000, 1576
632.000000, 1516
662.000000, 1594
685.000000, 1616
670.000000, 1578
644.000000, 1546
649.000000, 1554
634.000000, 1520
661.000000, 1590
660.000000, 1588
636.000000, 1522
649.000000, 1556
647.000000, 1554
642.000000, 1540
644.000000, 1512
671.000000, 1614
656.000000, 1540
653.000000, 1570
656.000000, 1576
641.000000, 1534
643.000000, 1542
660.000000, 1552
653.000000, 1520
642.000000, 1538
667.000000, 1604
665.000000, 1602
657.000000, 1578
659.000000, 1580
639.000000, 1532
656.000000, 1580
643.000000, 1546
660.000000, 1590
661.000000, 1588
656.000000, 1576
628.000000, 1500
644.000000, 1544
647.000000, 1556
631.000000, 1512
646.000000, 1518
646.000000, 1550
631.000000, 1514
658.000000, 1546
653.000000, 1570
657.000000, 1544
628.000000, 1504
665.000000, 1602
663.000000, 1560
659.000000, 1552
683.000000, 1612
632.000000, 1518
671.000000, 1616
634.000000, 1522
649.000000, 1524
649.000000, 1558
661.000000, 1554
658.000000, 1546
641.000000, 1540
652.000000, 1568
648.000000, 1558
646.000000, 1552
629.000000, 1500
634.000000, 1516
623.000000, 1492
620.000000, 1484
653.000000, 1532
649.000000, 1560
646.000000, 1552
664.000000, 1562
607.000000, 1412
625.000000, 1496
626.000000, 1500
630.000000, 1508
611.000000, 1462
643.000000, 1544
733.000000, 1776
613.000000, 1468
638.000000, 1494
635.000000, 1522
646.000000, 1516
675.000000, 1592
664.000000, 1564
656.000000, 1544
645.000000, 1546
644.000000, 1546
632.000000, 1514
660.000000, 1554
572.000000, 1362
632.000000, 1480
644.000000, 1512
654.000000, 1536
607.000000, 1452
646.000000, 1518
632.000000, 1516
636.000000, 1522
653.000000, 1566
645.000000, 1546
650.000000, 1562
655.000000, 1540
660.000000, 1576
675.000000, 1590
643.000000, 1544
634.000000, 1516
629.000000, 1506
658.000000, 1580
652.000000, 1566
642.000000, 1542
648.000000, 1554
676.000000, 1594
667.000000, 1606
653.000000, 1570
617.000000, 1474
653.000000, 1530
666.000000, 1604
650.000000, 1560
669.000000, 1574
650.000000, 1562
657.000000, 1574
648.000000, 1524
670.000000, 1578
662.000000, 1556
657.000000, 1580
661.000000, 1588
636.000000, 1522
656.000000, 1576
652.000000, 1566
633.000000, 1516
639.000000, 1524
654.000000, 1566
656.000000, 1580
640.000000, 1532
656.000000, 1578
625.000000, 1496
633.000000, 1516
629.000000, 1506
663.000000, 1598
620.000000, 1482
646.000000, 1546
614.000000, 1468
647.000000, 1520
703.000000, 1698
641.000000, 1536
666.000000, 1604
628.000000, 1504
628.000000, 1506
643.000000, 1540
630.000000, 1514
636.000000, 1524
663.000000, 1560
673.000000, 1588
639.000000, 1534
659.000000, 1586
634.000000, 1520
648.000000, 1554
664.000000, 1562
653.000000, 1570
723.000000, 1716
689.000000, 1626
644.000000, 1546
655.000000, 1540
1014.000000, 2468
627.000000, 1502
650.000000, 1562
672.000000, 1584
665.000000, 1600
654.000000, 1534
650.000000, 1560
625.000000, 1498
638.000000, 1530
666.000000, 1570
665.000000, 1600
658.000000, 1546
664.000000, 1594
652.000000, 1564
645.000000, 1512
620.000000, 1484
635.000000, 1520
636.000000, 1528
636.000000, 1526
637.000000, 1528
662.000000, 1592
636.000000, 1524
676.000000, 1594
628.000000, 1504
682.000000, 1610
634.000000, 1518
621.000000, 1484
618.000000, 1478
660.000000, 1588
619.000000, 1484
629.000000, 1504
649.000000, 1558
642.000000, 1540
669.000000, 1608
620.000000, 1482
635.000000, 1520
818.000000, 1556
650.000000, 1564
654.000000, 1572
659.000000, 1582
609.000000, 1454
630.000000, 1510
636.000000, 1526
646.000000, 1552
623.000000, 1492
675.000000, 1398
624.000000, 1494
635.000000, 1524
622.000000, 1490
652.000000, 1534
635.000000, 1522
638.000000, 1530
631.000000, 1512
638.000000, 1528
647.000000, 1552
656.000000, 1574
645.000000, 1550
647.000000, 1554
628.000000, 1506
647.000000, 1556
655.000000, 1576
641.000000, 1538
668.000000, 1574
625.000000, 1498
620.000000, 1486
640.000000, 1532
621.000000, 1482
663.000000, 1560
656.000000, 1576
653.000000, 1570
639.000000, 1536
626.000000, 1498
638.000000, 1534
640.000000, 1536
640.000000, 1538
640.000000, 1534
670.000000, 1576
664.000000, 1600
653.000000, 1572
711.000000, 1720
610.000000, 1458
672.000000, 1618
630.000000, 1508
649.000000, 1562
655.000000, 1574
637.000000, 1530
608.000000, 1448
615.000000, 1468
620.000000, 1484
607.000000, 1442
617.000000, 1478
608.000000, 1452
618.000000, 1480
613.000000, 1468
607.000000, 1452
611.000000, 1462
613.000000, 1470
651.000000, 1564
636.000000, 1492
608.000000, 1418
634.000000, 1522
630.000000, 1508
634.000000, 1486
641.000000, 1538
612.000000, 1464
608.000000, 1454
615.000000, 1472
596.000000, 1422
596.000000, 1424
597.000000, 1422
582.000000, 1386
593.000000, 1410
628.000000, 1508
625.000000, 1496
614.000000, 1466
623.000000, 1488
629.000000, 1504
615.000000, 1436
605.000000, 1442
606.000000, 1448
590.000000, 1408
663.000000, 1560
606.000000, 1450
645.000000, 1548
635.000000, 1522
635.000000, 1522
623.000000, 1492
646.000000, 1552
613.000000, 1468
627.000000, 1498
651.000000, 1568
630.000000, 1510
646.000000, 1546
647.000000, 1556
651.000000, 1564
639.000000, 1532
628.000000, 1504
621.000000, 1488
617.000000, 1474
667.000000, 1602
596.000000, 1422
616.000000, 1474
651.000000, 1526
619.000000, 1480
629.000000, 1508
641.000000, 1540
648.000000, 1558
663.000000, 1560
650.000000, 1564
645.000000, 1548
648.000000, 1554
602.000000, 1434
586.000000, 1396
602.000000, 1436
641.000000, 1540
661.000000, 1556
635.000000, 1522
639.000000, 1528
630.000000, 1510
637.000000, 1526
637.000000, 1526
655.000000, 1576
633.000000, 1516
670.000000, 1578
600.000000, 1428
612.000000, 1462
650.000000, 1528
636.000000, 1486
596.000000, 1424
631.000000, 1510
646.000000, 1504
621.000000, 1490
647.000000, 1514
653.000000, 1534
618.000000, 1480
581.000000, 1382
616.000000, 1440
586.000000, 1394
629.000000, 1472
604.000000, 1410
588.000000, 1398
632.000000, 1480
609.000000, 1420
623.000000, 1490
634.000000, 1486
638.000000, 1494
602.000000, 1438
635.000000, 1522
598.000000, 1424
658.000000, 1582
683.000000, 1614
635.000000, 1522
618.000000, 1478
610.000000, 1458
603.000000, 1442
635.000000, 1488
631.000000, 1474
612.000000, 1460
588.000000, 1404
604.000000, 1442
602.000000, 1436
589.000000, 1404
586.000000, 1394
592.000000, 1412
610.000000, 1458
622.000000, 1484
617.000000, 1476
626.000000, 1498
625.000000, 1496
636.000000, 1526
618.000000, 1482
670.000000, 1578
648.000000, 1516
635.000000, 1516
664.000000, 1598
622.000000, 1490
626.000000, 1502
648.000000, 1522
628.000000, 1470
590.000000, 1408
612.000000, 1462
575.000000, 1364
596.000000, 1418
607.000000, 1442
608.000000, 1444
619.000000, 1480
638.000000, 1526
614.000000, 1470
597.000000, 1424
613.000000, 1464
606.000000, 1448
595.000000, 1420
603.000000, 1438
603.000000, 1438
635.000000, 1522
653.000000, 1568
891.000000, 2184
584.000000, 1388
623.000000, 1456
610.000000, 1458
630.000000, 1512
638.000000, 1530
661.000000, 1552
654.000000, 1574
623.000000, 1456
602.000000, 1438
599.000000, 1432
597.000000, 1426
602.000000, 1438
605.000000, 1444
615.000000, 1466
609.000000, 1454
622.000000, 1488
591.000000, 1412
646.000000, 1550
595.000000, 1418
628.000000, 1502
585.000000, 1392
626.000000, 1466
594.000000, 1416
598.000000, 1390
594.000000, 1416
593.000000, 1416
591.000000, 1410
606.000000, 1448
604.000000, 1442
617.000000, 1440
589.000000, 1404
645.000000, 1550
595.000000, 1422
593.000000, 1416
612.000000, 1466
576.000000, 1370
580.000000, 1378
613.000000, 1468
601.000000, 1434
1005.000000, 2480
620.000000, 1482
613.000000, 1466
617.000000, 1476
599.000000, 1428
589.000000, 1404
643.000000, 1506
657.000000, 1580
666.000000, 1606
667.000000, 1572
628.000000, 1502
617.000000, 1442
607.000000, 1416
610.000000, 1456
595.000000, 1418
625.000000, 1460
583.000000, 1384
603.000000, 1438
603.000000, 1404
623.000000, 1490
593.000000, 1418
795.000000, 1530
619.000000, 1478
633.000000, 1516
652.000000, 1528
610.000000, 1460
593.000000, 1412
649.000000, 1558
619.000000, 1478
606.000000, 1446
637.000000, 1526
595.000000, 1420
636.000000, 1528
655.000000, 1572
631.000000, 1516
626.000000, 1498
629.000000, 1506
597.000000, 1420
583.000000, 1388
638.000000, 1494
624.000000, 1460
653.000000, 1570
657.000000, 1578
640.000000, 1538
639.000000, 1534
665.000000, 1568
652.000000, 1566
628.000000, 1502
668.000000, 1608
648.000000, 1554
653.000000, 1570
659.000000, 1588
652.000000, 1566
659.000000, 1584
652.000000, 1568
631.000000, 1508
639.000000, 1534
635.000000, 1524
647.000000, 1556
666.000000, 1602
662.000000, 1592
655.000000, 1576
654.000000, 1572
642.000000, 1538
645.000000, 1544
641.000000, 1500
655.000000, 1572
653.000000, 1536
635.000000, 1520
676.000000, 1628
646.000000, 1554
645.000000, 1550
639.000000, 1532
633.000000, 1514
635.000000, 1524
666.000000, 1570
645.000000, 1544
652.000000, 1564
662.000000, 1592
663.000000, 1560
640.000000, 1534
640.000000, 1532
617.000000, 1478
624.000000, 1492
670.000000, 1614
660.000000, 1584
653.000000, 1570
673.000000, 1586
646.000000, 1554
633.000000, 1514
637.000000, 1526
651.000000, 1562
667.000000, 1606
664.000000, 1564
650.000000, 1560
640.000000, 1534
639.000000, 1532
655.000000, 1574
596.000000, 1420
641.000000, 1504
589.000000, 1404
597.000000, 1422
615.000000, 1432
636.000000, 1490
637.000000, 1530
621.000000, 1490
637.000000, 1526
650.000000, 1560
644.000000, 1544
614.000000, 1470
617.000000, 1476
601.000000, 1434
599.000000, 1426
585.000000, 1394
612.000000, 1462
623.000000, 1454
613.000000, 1466
624.000000, 1494
622.000000, 1490
614.000000, 1466
628.000000, 1504
604.000000, 1442
583.000000, 1386
620.000000, 1484
578.000000, 1372
591.000000, 1406
600.000000, 1432
586.000000, 1392
597.000000, 1426
607.000000, 1446
587.000000, 1398
586.000000, 1392
588.000000, 1402
639.000000, 1532
662.000000, 1558
601.000000, 1434
582.000000, 1384
585.000000, 1394
617.000000, 1476
600.000000, 1430
610.000000, 1460
642.000000, 1542
615.000000, 1470
622.000000, 1488
600.000000, 1432
652.000000, 1566
588.000000, 1402
611.000000, 1424
612.000000, 1462
596.000000, 1420
596.000000, 1420
600.000000, 1432
619.000000, 1482
606.000000, 1444
608.000000, 1454
605.000000, 1442
624.000000, 1460
598.000000, 1428
621.000000, 1484
609.000000, 1454
587.000000, 1398
636.000000, 1482
618.000000, 1446
611.000000, 1460
598.000000, 1426
637.000000, 1492
615.000000, 1436
589.000000, 1400
621.000000, 1450
623.000000, 1456
580.000000, 1380
611.000000, 1422
608.000000, 1454
580.000000, 1380
624.000000, 1488
575.000000, 1370
600.000000, 1428
613.000000, 1430
606.000000, 1444
626.000000, 1466
609.000000, 1420
615.000000, 1434
653.000000, 1572
610.000000, 1422
606.000000, 1446
602.000000, 1438
623.000000, 1454
576.000000, 1370
590.000000, 1408
612.000000, 1466
600.000000, 1432
606.000000, 1450
628.000000, 1470
583.000000, 1392
608.000000, 1452
603.000000, 1404
592.000000, 1410
616.000000, 1440
629.000000, 1470
601.000000, 1434
603.000000, 1440
612.000000, 1426
586.000000, 1394
626.000000, 1498
624.000000, 1484
635.000000, 1522
600.000000, 1434
625.000000, 1460
599.000000, 1428
690.000000, 1666
613.000000, 1468
621.000000, 1486
597.000000, 1390
603.000000, 1442
613.000000, 1464
592.000000, 1410
646.000000, 1516
618.000000, 1478
601.000000, 1432
601.000000, 1432
600.000000, 1434
626.000000, 1500
645.000000, 1516
607.000000, 1454
601.000000, 1436
610.000000, 1456
626.000000, 1500
602.000000, 1438
600.000000, 1428
620.000000, 1450
614.000000, 1464
628.000000, 1472
590.000000, 1400
611.000000, 1460
637.000000, 1526
640.000000, 1502
634.000000, 1516
616.000000, 1472
609.000000, 1454
616.000000, 1472
616.000000, 1472
572.000000, 1358
605.000000, 1448
601.000000, 1432
609.000000, 1456
606.000000, 1444
583.000000, 1390
573.000000, 1362
590.000000, 1406
587.000000, 1400
633.000000, 1518
611.000000, 1460
606.000000, 1446
598.000000, 1426
598.000000, 1424
591.000000, 1404
600.000000, 1430
627.000000, 1468
596.000000, 1422
590.000000, 1406
610.000000, 1458
612.000000, 1428
623.000000, 1456
579.000000, 1376
608.000000, 1454
581.000000, 1382
596.000000, 1386
598.000000, 1394
579.000000, 1372
882.000000, 2160
584.000000, 1390
624.000000, 1492
610.000000, 1458
615.000000, 1434
630.000000, 1476
631.000000, 1476
604.000000, 1440
618.000000, 1480
596.000000, 1426
586.000000, 1394
610.000000, 1460
611.000000, 1460
623.000000, 1490
631.000000, 1512
628.000000, 1496
597.000000, 1424
632.000000, 1514
630.000000, 1472
615.000000, 1436
644.000000, 1544
647.000000, 1554
626.000000, 1498
636.000000, 1524
622.000000, 1448
602.000000, 1438
599.000000, 1428
617.000000, 1476
643.000000, 1510
624.000000, 1492
637.000000, 1526
623.000000, 1490
598.000000, 1428
614.000000, 1472
617.000000, 1476
601.000000, 1434
625.000000, 1460
586.000000, 1398
597.000000, 1428
645.000000, 1512
609.000000, 1456
578.000000, 1370
586.000000, 1396
580.000000, 1382
623.000000, 1490
626.000000, 1466
639.000000, 1494
568.000000, 1352
623.000000, 1494
588.000000, 1402
579.000000, 1380
625.000000, 1498
606.000000, 1448
609.000000, 1452
665.000000, 1556
619.000000, 1482
582.000000, 1386
650.000000, 1560
617.000000, 1476
629.000000, 1508
594.000000, 1418
703.000000, 1698
631.000000, 1516
644.000000, 1544
667.000000, 1602
651.000000, 1528
655.000000, 1574
597.000000, 1424
634.000000, 1520
587.000000, 1402
610.000000, 1458
593.000000, 1414
669.000000, 1610
637.000000, 1526
673.000000, 1586
654.000000, 1572
670.000000, 1612
640.000000, 1536
645.000000, 1512
653.000000, 1536
630.000000, 1512
603.000000, 1438
633.000000, 1484
605.000000, 1442
638.000000, 1496
622.000000, 1452
601.000000, 1398
634.000000, 1486
642.000000, 1538
639.000000, 1532
661.000000, 1554
717.000000, 1696
661.000000, 1558
615.000000, 1470
644.000000, 1550
653.000000, 1570
645.000000, 1544
633.000000, 1518
637.000000, 1528
613.000000, 1464
606.000000, 1448
596.000000, 1424
1042.000000, 2580
618.000000, 1480
601.000000, 1436
588.000000, 1398
596.000000, 1424
595.000000, 1420
619.000000, 1482
627.000000, 1468
612.000000, 1464
617.000000, 1476
596.000000, 1422
623.000000, 1452
606.000000, 1448
605.000000, 1444
581.000000, 1382
614.000000, 1468
587.000000, 1400
586.000000, 1394
594.000000, 1416
587.000000, 1398
605.000000, 1408
591.000000, 1410
612.000000, 1464
589.000000, 1402
607.000000, 1450
584.000000, 1390
591.000000, 1412
607.000000, 1452
605.000000, 1442
1091.000000, 2702
640.000000, 1500
605.000000, 1408
609.000000, 1454
615.000000, 1468
710.000000, 1722
597.000000, 1422
598.000000, 1428
609.000000, 1456
604.000000, 1444
598.000000, 1428
620.000000, 1450
616.000000, 1472
630.000000, 1476
602.000000, 1436
576.000000, 1370
620.000000, 1480
626.000000, 1464
594.000000, 1418
614.000000, 1466
605.000000, 1446
624.000000, 1458
655.000000, 1574
642.000000, 1540
619.000000, 1480
612.000000, 1466
592.000000, 1412
596.000000, 1418
627.000000, 1466
593.000000, 1414
603.000000, 1436
615.000000, 1438
600.000000, 1434
612.000000, 1428
632.000000, 1476
632.000000, 1480
588.000000, 1400
617.000000, 1474
621.000000, 1452
599.000000, 1426
616.000000, 1474
623.000000, 1490
600.000000, 1432
610.000000, 1456
604.000000, 1442
610.000000, 1422
620.000000, 1482
598.000000, 1426
610.000000, 1456
620.000000, 1448
602.000000, 1436
587.000000, 1396
626.000000, 1464
614.000000, 1430
616.000000, 1474
613.000000, 1428
597.000000, 1424
577.000000, 1374
609.000000, 1456
622.000000, 1450
586.000000, 1392
616.000000, 1436
614.000000, 1432
598.000000, 1430
578.000000, 1372
612.000000, 1460
597.000000, 1424
605.000000, 1410
608.000000, 1418
614.000000, 1436
618.000000, 1444
609.000000, 1420
622.000000, 1454
626.000000, 1460
594.000000, 1416
594.000000, 1414
619.000000, 1478
629.000000, 1470
608.000000, 1452
586.000000, 1396
600.000000, 1432
620.000000, 1448
619.000000, 1442
626.000000, 1462
599.000000, 1428
619.000000, 1482
601.000000, 1430
608.000000, 1452
600.000000, 1434
605.000000, 1444
586.000000, 1394
578.000000, 1376
579.000000, 1378
583.000000, 1384
602.000000, 1404
597.000000, 1422
602.000000, 1424
596.000000, 1420
613.000000, 1432
597.000000, 1420
612.000000, 1430
597.000000, 1422
611.000000, 1460
599.000000, 1432
616.000000, 1472
605.000000, 1444
601.000000, 1432
621.000000, 1486
586.000000, 1398
600.000000, 1430
1041.000000, 2578
622.000000, 1452
614.000000, 1436
678.000000, 1634
614.000000, 1470
602.000000, 1436
604.000000, 1446
606.000000, 1446
633.000000, 1482
611.000000, 1426
617.000000, 1440
623.000000, 1492
596.000000, 1422
621.000000, 1454
669.000000, 1576
638.000000, 1532
600.000000, 1432
606.000000, 1450
575.000000, 1368
630.000000, 1474
617.000000, 1478
611.000000, 1426
610.000000, 1454
607.000000, 1452
611.000000, 1424
623.000000, 1458
657.000000, 1580
643.000000, 1540
640.000000, 1532
591.000000, 1410
602.000000, 1432
618.000000, 1444
605.000000, 1446
585.000000, 1392
620.000000, 1482
602.000000, 1436
593.000000, 1410
613.000000, 1466
638.000000, 1530
674.000000, 1586
630.000000, 1476
629.000000, 1506
612.000000, 1430
603.000000, 1438
619.000000, 1482
609.000000, 1456
615.000000, 1434
609.000000, 1422
580.000000, 1376
612.000000, 1464
627.000000, 1466
581.000000, 1382
597.000000, 1422
621.000000, 1448
619.000000, 1444
581.000000, 1380
615.000000, 1470
607.000000, 1448
591.000000, 1398
620.000000, 1486
605.000000, 1444
659.000000, 1586
641.000000, 1538
653.000000, 1538
649.000000, 1560
659.000000, 1586
943.000000, 2322
647.000000, 1552
674.000000, 1590
614.000000, 1468
636.000000, 1524
620.000000, 1486
623.000000, 1492
635.000000, 1484
639.000000, 1534
625.000000, 1498
638.000000, 1494
643.000000, 1506
666.000000, 1560
647.000000, 1552
640.000000, 1536
644.000000, 1544
610.000000, 1454
618.000000, 1474
649.000000, 1558
661.000000, 1592
660.000000, 1584
650.000000, 1564
652.000000, 1568
653.000000, 1560
622.000000, 1488
633.000000, 1514
647.000000, 1550
630.000000, 1476
590.000000, 1406
627.000000, 1464
677.000000, 1598
654.000000, 1572
647.000000, 1554
672.000000, 1576
651.000000, 1528
661.000000, 1590
669.000000, 1576
637.000000, 1530
650.000000, 1526
596.000000, 1420
606.000000, 1446
649.000000, 1524
618.000000, 1476
598.000000, 1430
669.000000, 1578
657.000000, 1582
651.000000, 1568
651.000000, 1528
640.000000, 1536
665.000000, 1564
682.000000, 1610
618.000000, 1480
597.000000, 1424
636.000000, 1486
668.000000, 1572
663.000000, 1560
655.000000, 1538
668.000000, 1610
657.000000, 1582
670.000000, 1580
632.000000, 1512
625.000000, 1462
629.000000, 1472
623.000000, 1454
635.000000, 1486
592.000000, 1410
637.000000, 1530
629.000000, 1502
640.000000, 1500
623.000000, 1492
606.000000, 1448
606.000000, 1446
614.000000, 1468
587.000000, 1396
600.000000, 1430
634.000000, 1488
614.000000, 1468
966.000000, 2378
664.000000, 1600
619.000000, 1482
629.000000, 1506
606.000000, 1448
595.000000, 1418
618.000000, 1478
631.000000, 1476
631.000000, 1512
1008.000000, 2456
620.000000, 1444
623.000000, 1492
630.000000, 1474
649.000000, 1526
627.000000, 1502
647.000000, 1552
591.000000, 1408
580.000000, 1384
635.000000, 1522
624.000000, 1492
629.000000, 1506
629.000000, 1506
639.000000, 1536
631.000000, 1512
635.000000, 1522
607.000000, 1450
616.000000, 1472
635.000000, 1522
599.000000, 1428
632.000000, 1516
649.000000, 1524
639.000000, 1532
620.000000, 1450
625.000000, 1500
656.000000, 1542
660.000000, 1552
634.000000, 1524
633.000000, 1520
621.000000, 1490
641.000000, 1536
618.000000, 1478
632.000000, 1516
652.000000, 1566
626.000000, 1502
621.000000, 1482
635.000000, 1522
606.000000, 1450
653.000000, 1572
677.000000, 1600
665.000000, 1566
647.000000, 1556
665.000000, 1600
629.000000, 1506
643.000000, 1544
640.000000, 1498
632.000000, 1512
631.000000, 1478
648.000000, 1558
605.000000, 1448
596.000000, 1422
667.000000, 1570
646.000000, 1514
651.000000, 1564
669.000000, 1610
670.000000, 1576
656.000000, 1538
653.000000, 1570
649.000000, 1560
660.000000, 1550
1078.000000, 2670
649.000000, 1558
638.000000, 1530
652.000000, 1566
669.000000, 1576
659.000000, 1548
679.000000, 1600
654.000000, 1536
641.000000, 1538
670.000000, 1578
638.000000, 1532
660.000000, 1554
626.000000, 1498
609.000000, 1458
620.000000, 1482
639.000000, 1534
604.000000, 1432
637.000000, 1524
612.000000, 1462
638.000000, 1532
632.000000, 1518
670.000000, 1616
649.000000, 1558
660.000000, 1588
664.000000, 1600
647.000000, 1552
637.000000, 1528
710.000000, 1714
664.000000, 1598
641.000000, 1540
678.000000, 1632
670.000000, 1616
666.000000, 1606
684.000000, 1614
671.000000, 1580
659.000000, 1548
670.000000, 1576
624.000000, 1494
631.000000, 1514
666.000000, 1602
632.000000, 1514
661.000000, 1556
646.000000, 1554
656.000000, 1578
655.000000, 1572
673.000000, 1618
661.000000, 1554
628.000000, 1502
954.000000, 2314
655.000000, 1570
650.000000, 1560
661.000000, 1554
657.000000, 1578
1101.000000, 2692
672.000000, 1584
646.000000, 1554
669.000000, 1572
663.000000, 1558
638.000000, 1532
666.000000, 1568
648.000000, 1558
644.000000, 1544
643.000000, 1546
662.000000, 1592
655.000000, 1572
664.000000, 1564
660.000000, 1592
654.000000, 1572
561.000000, 1334
659.000000, 1548
660.000000, 1554
654.000000, 1536
640.000000, 1536
661.000000, 1554
618.000000, 1474
654.000000, 1538
651.000000, 1562
668.000000, 1572
662.000000, 1594
995.000000, 2456
651.000000, 1530
670.000000, 1578
661.000000, 1550
733.000000, 1744
656.000000, 1542
666.000000, 1568
630.000000, 1512
637.000000, 1528
662.000000, 1560
675.000000, 1590
662.000000, 1556
638.000000, 1532
946.000000, 2328
655.000000, 1536
658.000000, 1582
652.000000, 1570
667.000000, 1572
629.000000, 1506
634.000000, 1518
643.000000, 1510
680.000000, 1600
659.000000, 1582
663.000000, 1560
636.000000, 1526
635.000000, 1524
645.000000, 1548
639.000000, 1532
651.000000, 1566
667.000000, 1568
661.000000, 1590
657.000000, 1582
669.000000, 1574
665.000000, 1566
641.000000, 1538
671.000000, 1584
654.000000, 1572
660.000000, 1588
656.000000, 1540
652.000000, 1564
592.000000, 1410
640.000000, 1534
629.000000, 1510
619.000000, 1482
662.000000, 1554
626.000000, 1500
622.000000, 1486
640.000000, 1536
668.000000, 1576
633.000000, 1520
662.000000, 1558
638.000000, 1532
662.000000, 1594
654.000000, 1570
636.000000, 1522
651.000000, 1564
800.000000, 1556
654.000000, 1572
1046.000000, 2592
639.000000, 1532
661.000000, 1588
652.000000, 1566
641.000000, 1538
650.000000, 1562
646.000000, 1554
657.000000, 1534
627.000000, 1504
620.000000, 1480
594.000000, 1416
606.000000, 1448
633.000000, 1520
664.000000, 1564
665.000000, 1566
632.000000, 1516
663.000000, 1560
661.000000, 1554
639.000000, 1526
616.000000, 1442
591.000000, 1410
601.000000, 1434
611.000000, 1456
621.000000, 1484
618.000000, 1478
628.000000, 1468
600.000000, 1434
632.000000, 1478
982.000000, 2418
673.000000, 1584
636.000000, 1524
658.000000, 1580
624.000000, 1492
587.000000, 1398
607.000000, 1416
590.000000, 1406
615.000000, 1436
974.000000, 2368
589.000000, 1402
595.000000, 1418
613.000000, 1426
606.000000, 1412
594.000000, 1416
632.000000, 1516
652.000000, 1530
625.000000, 1494
604.000000, 1442
616.000000, 1438
945.000000, 2326
597.000000, 1424
601.000000, 1434
614.000000, 1468
656.000000, 1542
611.000000, 1462
606.000000, 1444
581.000000, 1378
610.000000, 1460
602.000000, 1438
619.000000, 1448
626.000000, 1496
625.000000, 1490
606.000000, 1448
584.000000, 1392
605.000000, 1446
633.000000, 1482
614.000000, 1464
631.000000, 1478
608.000000, 1420
619.000000, 1448
604.000000, 1444
613.000000, 1426
598.000000, 1430
603.000000, 1438
598.000000, 1424
595.000000, 1416
602.000000, 1436
621.000000, 1488
621.000000, 1454
576.000000, 1370
611.000000, 1422
623.000000, 1490
583.000000, 1390
614.000000, 1430
594.000000, 1416
578.000000, 1376
631.000000, 1476
612.000000, 1464
598.000000, 1424
618.000000, 1442
596.000000, 1420
580.000000, 1380
607.000000, 1412
605.000000, 1442
578.000000, 1376
602.000000, 1436
1087.000000, 2690
589.000000, 1404
595.000000, 1418
615.000000, 1470
630.000000, 1474
587.000000, 1400
604.000000, 1444
593.000000, 1414
592.000000, 1410
611.000000, 1450
608.000000, 1452
600.000000, 1432
602.000000, 1440
595.000000, 1418
612.000000, 1462
620.000000, 1446
621.000000, 1452
619.000000, 1446
578.000000, 1372
617.000000, 1438
614.000000, 1434
603.000000, 1438
607.000000, 1412
629.000000, 1472
586.000000, 1396
615.000000, 1470
612.000000, 1460
592.000000, 1410
627.000000, 1498
599.000000, 1426
590.000000, 1404
588.000000, 1396
617.000000, 1444
585.000000, 1390
600.000000, 1428
596.000000, 1418
610.000000, 1462
592.000000, 1410
612.000000, 1458
617.000000, 1476
611.000000, 1460
614.000000, 1468
586.000000, 1394
602.000000, 1434
667.000000, 1568
594.000000, 1416
621.000000, 1454
612.000000, 1466
582.000000, 1380
587.000000, 1398
625.000000, 1462
605.000000, 1444
603.000000, 1434
578.000000, 1376
651.000000, 1528
651.000000, 1526
600.000000, 1434
581.000000, 1378
612.000000, 1426
596.000000, 1422
609.000000, 1456
611.000000, 1462
611.000000, 1460
602.000000, 1440
622.000000, 1450
642.000000, 1504
577.000000, 1374
602.000000, 1438
643.000000, 1508
622.000000, 1490
603.000000, 1444
619.000000, 1444
592.000000, 1410
604.000000, 1440
580.000000, 1382
584.000000, 1392
608.000000, 1452
607.000000, 1448
618.000000, 1440
587.000000, 1396
619.000000, 1480
602.000000, 1440
612.000000, 1462
622.000000, 1456
629.000000, 1508
607.000000, 1450
740.000000, 1360
633.000000, 1514
617.000000, 1476
585.000000, 1388
583.000000, 1382
611.000000, 1460
635.000000, 1524
633.000000, 1520
646.000000, 1552
621.000000, 1484
631.000000, 1512
630.000000, 1512
640.000000, 1536
653.000000, 1572
602.000000, 1440
628.000000, 1502
656.000000, 1574
655.000000, 1574
634.000000, 1518
633.000000, 1516
650.000000, 1560
629.000000, 1506
591.000000, 1412
606.000000, 1452
601.000000, 1436
606.000000, 1446
589.000000, 1402
734.000000, 1778
646.000000, 1554
628.000000, 1504
657.000000, 1578
649.000000, 1556
656.000000, 1574
632.000000, 1516
604.000000, 1440
630.000000, 1472
623.000000, 1458
615.000000, 1470
605.000000, 1442
628.000000, 1508
650.000000, 1560
652.000000, 1564
646.000000, 1550
666.000000, 1604
649.000000, 1558
662.000000, 1592
645.000000, 1548
620.000000, 1484
663.000000, 1594
677.000000, 1632
646.000000, 1548
637.000000, 1526
660.000000, 1588
652.000000, 1568
660.000000, 1588
630.000000, 1510
659.000000, 1582
657.000000, 1582
637.000000, 1530
634.000000, 1520
638.000000, 1530
643.000000, 1542
624.000000, 1494
653.000000, 1566
659.000000, 1586
661.000000, 1556
605.000000, 1440
618.000000, 1476
610.000000, 1420
599.000000, 1426
598.000000, 1428
690.000000, 1660
600.000000, 1428
614.000000, 1468
639.000000, 1534
621.000000, 1454
632.000000, 1518
611.000000, 1462
629.000000, 1508
587.000000, 1400
635.000000, 1522
629.000000, 1474
622.000000, 1486
633.000000, 1518
628.000000, 1504
603.000000, 1438
626.000000, 1498
621.000000, 1486
612.000000, 1464
623.000000, 1494
603.000000, 1442
619.000000, 1484
629.000000, 1506
628.000000, 1506
606.000000, 1448
602.000000, 1434
622.000000, 1454
597.000000, 1424
643.000000, 1540
619.000000, 1486
605.000000, 1446
618.000000, 1478
626.000000, 1464
585.000000, 1392
613.000000, 1470
652.000000, 1528
605.000000, 1440
616.000000, 1472
635.000000, 1486
621.000000, 1446
641.000000, 1536
662.000000, 1592
1016.000000, 2512
652.000000, 1566
636.000000, 1522
625.000000, 1500
601.000000, 1398
650.000000, 1524
635.000000, 1526
636.000000, 1526
642.000000, 1542
608.000000, 1452
607.000000, 1450
609.000000, 1456
637.000000, 1528
638.000000, 1528
635.000000, 1526
631.000000, 1514
643.000000, 1510
646.000000, 1548
643.000000, 1506
635.000000, 1524
642.000000, 1540
637.000000, 1532
627.000000, 1502
631.000000, 1512
641.000000, 1504
656.000000, 1544
632.000000, 1516
620.000000, 1446
655.000000, 1540
620.000000, 1448
668.000000, 1576
628.000000, 1500
630.000000, 1508
642.000000, 1504
617.000000, 1478
637.000000, 1528
609.000000, 1456
628.000000, 1470
596.000000, 1422
625.000000, 1500
611.000000, 1462
650.000000, 1560
644.000000, 1544
655.000000, 1538
609.000000, 1456
631.000000, 1512
668.000000, 1572
674.000000, 1624
632.000000, 1516
669.000000, 1576
660.000000, 1552
627.000000, 1500
640.000000, 1536
641.000000, 1540
662.000000, 1558
671.000000, 1584
597.000000, 1416
653.000000, 1534
640.000000, 1500
662.000000, 1556
646.000000, 1548
651.000000, 1564
648.000000, 1520
658.000000, 1580
667.000000, 1570
656.000000, 1578
658.000000, 1548
632.000000, 1514
615.000000, 1468
606.000000, 1450
638.000000, 1532
662.000000, 1558
648.000000, 1552
637.000000, 1530
672.000000, 1580
655.000000, 1572
646.000000, 1554
676.000000, 1594
651.000000, 1562
628.000000, 1506
657.000000, 1582
653.000000, 1570
673.000000, 1586
665.000000, 1566
660.000000, 1552
639.000000, 1534
645.000000, 1548
653.000000, 1534
628.000000, 1504
662.000000, 1560
608.000000, 1452
640.000000, 1498
633.000000, 1480
646.000000, 1518
625.000000, 1492
626.000000, 1496
617.000000, 1480
614.000000, 1466
701.000000, 1658
616.000000, 1438
589.000000, 1404
641.000000, 1504
599.000000, 1430
611.000000, 1460
616.000000, 1474
597.000000, 1424
616.000000, 1474
629.000000, 1472
605.000000, 1446
646.000000, 1550
608.000000, 1452
623.000000, 1456
627.000000, 1464
613.000000, 1466
613.000000, 1468
648.000000, 1560
636.000000, 1522
627.000000, 1502
631.000000, 1512
630.000000, 1512
590.000000, 1400
613.000000, 1468
648.000000, 1524
656.000000, 1542
642.000000, 1530
656.000000, 1578
598.000000, 1426
633.000000, 1482
633.000000, 1516
624.000000, 1494
631.000000, 1512
642.000000, 1540
612.000000, 1458
597.000000, 1424
624.000000, 1496
629.000000, 1468
592.000000, 1408
620.000000, 1450
639.000000, 1532
638.000000, 1528
657.000000, 1582
612.000000, 1462
626.000000, 1462
635.000000, 1524
619.000000, 1482
624.000000, 1496
631.000000, 1514
597.000000, 1424
620.000000, 1486
636.000000, 1522
600.000000, 1432
600.000000, 1430
613.000000, 1466
608.000000, 1454
609.000000, 1454
610.000000, 1458
630.000000, 1474
632.000000, 1478
635.000000, 1488
602.000000, 1436
603.000000, 1442
637.000000, 1492
610.000000, 1460
621.000000, 1448
621.000000, 1444
617.000000, 1476
598.000000, 1430
636.000000, 1526
624.000000, 1494
627.000000, 1502
603.000000, 1440
611.000000, 1462
608.000000, 1448
598.000000, 1428
586.000000, 1396
599.000000, 1428
609.000000, 1456
612.000000, 1464
630.000000, 1472
633.000000, 1520
600.000000, 1432
598.000000, 1428
648.000000, 1556
661.000000, 1590
660.000000, 1554
659.000000, 1550
653.000000, 1534
592.000000, 1410
645.000000, 1550
599.000000, 1430
629.000000, 1474
634.000000, 1486
620.000000, 1450
580.000000, 1378
651.000000, 1532
629.000000, 1506
617.000000, 1476
643.000000, 1506
641.000000, 1502
627.000000, 1502
653.000000, 1572
633.000000, 1520
640.000000, 1500
632.000000, 1516
638.000000, 1532
637.000000, 1530
600.000000, 1430
615.000000, 1436
620.000000, 1450
610.000000, 1422
576.000000, 1370
576.000000, 1368
1027.000000, 2506
619.000000, 1444
604.000000, 1440
609.000000, 1456
629.000000, 1502
604.000000, 1442
656.000000, 1540
597.000000, 1424
630.000000, 1474
640.000000, 1534
635.000000, 1520
627.000000, 1502
646.000000, 1518
633.000000, 1480
639.000000, 1496
646.000000, 1548
637.000000, 1490
635.000000, 1488
613.000000, 1468
631.000000, 1510
607.000000, 1450
635.000000, 1522
586.000000, 1396
590.000000, 1404
644.000000, 1512
613.000000, 1466
631.000000, 1514
661.000000, 1594
654.000000, 1534
647.000000, 1518
667.000000, 1570
647.000000, 1552
614.000000, 1468
667.000000, 1570
640.000000, 1534
662.000000, 1558
641.000000, 1540
666.000000, 1602
659.000000, 1550
660.000000, 1552
650.000000, 1526
656.000000, 1542
620.000000, 1448
621.000000, 1448
638.000000, 1498
641.000000, 1538
617.000000, 1444
612.000000, 1418
622.000000, 1450
619.000000, 1444
629.000000, 1472
636.000000, 1528
631.000000, 1512
606.000000, 1448
621.000000, 1484
634.000000, 1520
626.000000, 1466
618.000000, 1480
622.000000, 1490
634.000000, 1522
626.000000, 1496
626.000000, 1502
621.000000, 1488
661.000000, 1558
592.000000, 1408
614.000000, 1434
629.000000, 1506
630.000000, 1498
622.000000, 1490
650.000000, 1562
659.000000, 1586
651.000000, 1566
673.000000, 1586
658.000000, 1548
631.000000, 1512
648.000000, 1558
649.000000, 1522
669.000000, 1576
655.000000, 1574
658.000000, 1582
667.000000, 1572
623.000000, 1494
644.000000, 1510
650.000000, 1566
657.000000, 1544
621.000000, 1488
663.000000, 1560
622.000000, 1486
633.000000, 1514
615.000000, 1470
631.000000, 1510
638.000000, 1532
621.000000, 1486
647.000000, 1516
667.000000, 1570
659.000000, 1552
624.000000, 1492
663.000000, 1562
656.000000, 1542
626.000000, 1460
598.000000, 1426
622.000000, 1490
629.000000, 1504
622.000000, 1490
615.000000, 1472
613.000000, 1464
626.000000, 1466
609.000000, 1458
645.000000, 1514
637.000000, 1494
624.000000, 1458
625.000000, 1484
634.000000, 1486
623.000000, 1456
643.000000, 1512
641.000000, 1504
616.000000, 1472
621.000000, 1452
615.000000, 1434
626.000000, 1496
610.000000, 1460
626.000000, 1466
619.000000, 1440
620.000000, 1486
654.000000, 1538
583.000000, 1390
626.000000, 1496
630.000000, 1474
607.000000, 1414
615.000000, 1434
615.000000, 1472
597.000000, 1426
627.000000, 1500
630.000000, 1472
621.000000, 1484
612.000000, 1462
667.000000, 1572
646.000000, 1552
669.000000, 1578
632.000000, 1516
633.000000, 1520
621.000000, 1486
633.000000, 1484
646.000000, 1516
625.000000, 1494
631.000000, 1476
609.000000, 1454
649.000000, 1524
608.000000, 1452
621.000000, 1486
594.000000, 1414
602.000000, 1440
614.000000, 1466
614.000000, 1466
625.000000, 1494
607.000000, 1450
616.000000, 1472
627.000000, 1498
626.000000, 1502
635.000000, 1520
611.000000, 1460
610.000000, 1462
616.000000, 1472
630.000000, 1472
598.000000, 1430
610.000000, 1456
606.000000, 1448
615.000000, 1472
628.000000, 1470
622.000000, 1490
617.000000, 1472
629.000000, 1506
990.000000, 2406
605.000000, 1444
633.000000, 1484
590.000000, 1408
605.000000, 1446
631.000000, 1512
616.000000, 1472
603.000000, 1440
630.000000, 1508
616.000000, 1476
636.000000, 1492
646.000000, 1514
608.000000, 1452
610.000000, 1458
655.000000, 1540
651.000000, 1564
651.000000, 1564
667.000000, 1606
649.000000, 1560
582.000000, 1380
631.000000, 1476
628.000000, 1506
683.000000, 1646
635.000000, 1518
633.000000, 1516
619.000000, 1476
633.000000, 1484
641.000000, 1502
616.000000, 1472
638.000000, 1496
634.000000, 1524
628.000000, 1502
645.000000, 1512
628.000000, 1468
636.000000, 1492
637.000000, 1524
608.000000, 1452
661.000000, 1592
654.000000, 1574
655.000000, 1574
638.000000, 1530
646.000000, 1548
654.000000, 1538
626.000000, 1504
641.000000, 1502
643.000000, 1500
666.000000, 1568
668.000000, 1608
672.000000, 1584
659.000000, 1550
643.000000, 1544
633.000000, 1484
666.000000, 1570
681.000000, 1602
627.000000, 1466
597.000000, 1422
631.000000, 1510
604.000000, 1442
630.000000, 1474
654.000000, 1538
590.000000, 1406
592.000000, 1410
642.000000, 1506
589.000000, 1406
629.000000, 1470
643.000000, 1510
624.000000, 1490
612.000000, 1466
619.000000, 1482
626.000000, 1500
631.000000, 1514
1090.000000, 2700
626.000000, 1502
620.000000, 1482
638.000000, 1530
635.000000, 1524
609.000000, 1456
643.000000, 1542
617.000000, 1476
606.000000, 1414
628.000000, 1504
635.000000, 1486
633.000000, 1484
626.000000, 1500
626.000000, 1496
619.000000, 1446
658.000000, 1546
642.000000, 1506
599.000000, 1430
637.000000, 1522
610.000000, 1458
632.000000, 1482
606.000000, 1448
593.000000, 1408
586.000000, 1398
596.000000, 1420
600.000000, 1434
613.000000, 1460
605.000000, 1446
628.000000, 1468
622.000000, 1452
639.000000, 1498
601.000000, 1396
628.000000, 1472
617.000000, 1478
623.000000, 1492
1015.000000, 2474
595.000000, 1420
618.000000, 1446
625.000000, 1454
640.000000, 1538
603.000000, 1444
611.000000, 1460
639.000000, 1494
636.000000, 1490
1009.000000, 2458
624.000000, 1460
584.000000, 1388
623.000000, 1454
596.000000, 1420
607.000000, 1412
616.000000, 1440
608.000000, 1454
610.000000, 1458
580.000000, 1378
589.000000, 1406
579.000000, 1380
611.000000, 1462
623.000000, 1494
626.000000, 1498
659.000000, 1586
666.000000, 1602
657.000000, 1582
582.000000, 1386
623.000000, 1494
610.000000, 1458
589.000000, 1400
633.000000, 1484
591.000000, 1408
599.000000, 1428
647.000000, 1520
613.000000, 1466
622.000000, 1488
644.000000, 1510
627.000000, 1466
642.000000, 1506
675.000000, 1590
673.000000, 1588
653.000000, 1532
668.000000, 1572
667.000000, 1570
653.000000, 1570
659.000000, 1548
638.000000, 1530
677.000000, 1600
664.000000, 1564
628.000000, 1470
626.000000, 1502
646.000000, 1552
652.000000, 1534
663.000000, 1560
650.000000, 1560
639.000000, 1532
696.000000, 1642
663.000000, 1560
629.000000, 1508
655.000000, 1574
626.000000, 1498
648.000000, 1554
669.000000, 1574
627.000000, 1504
624.000000, 1458
644.000000, 1512
661.000000, 1552
624.000000, 1494
673.000000, 1584
653.000000, 1568
1110.000000, 2754
633.000000, 1518
625.000000, 1500
639.000000, 1534
633.000000, 1514
647.000000, 1516
652.000000, 1532
655.000000, 1572
654.000000, 1540
639.000000, 1532
647.000000, 1556
648.000000, 1558
629.000000, 1510
663.000000, 1558
642.000000, 1540
648.000000, 1522
673.000000, 1588
626.000000, 1498
630.000000, 1500
662.000000, 1590
648.000000, 1554
666.000000, 1570
666.000000, 1566
648.000000, 1556
656.000000, 1576
645.000000, 1510
666.000000, 1600
661.000000, 1588
655.000000, 1576
650.000000, 1530
650.000000, 1526
655.000000, 1574
639.000000, 1532
653.000000, 1530
660.000000, 1548
633.000000, 1518
655.000000, 1572
655.000000, 1570
651.000000, 1566
655.000000, 1574
650.000000, 1558
632.000000, 1512
651.000000, 1526
660.000000, 1546
647.000000, 1554
659.000000, 1582
648.000000, 1524
669.000000, 1576
656.000000, 1576
662.000000, 1594
678.000000, 1598
654.000000, 1572
657.000000, 1578
636.000000, 1524
658.000000, 1580
656.000000, 1538
640.000000, 1534
644.000000, 1546
673.000000, 1586
646.000000, 1546
677.000000, 1596
652.000000, 1530
657.000000, 1542
668.000000, 1604
649.000000, 1524
684.000000, 1614
665.000000, 1566
661.000000, 1554
636.000000, 1526
642.000000, 1538
655.000000, 1538
670.000000, 1578
696.000000, 1680
646.000000, 1516
646.000000, 1516
647.000000, 1516
662.000000, 1560
651.000000, 1528
635.000000, 1520
665.000000, 1564
672.000000, 1584
668.000000, 1574
642.000000, 1540
950.000000, 2344
661.000000, 1554
645.000000, 1552
682.000000, 1608
678.000000, 1600
653.000000, 1568
670.000000, 1614
617.000000, 1480
656.000000, 1542
669.000000, 1610
655.000000, 1540
667.000000, 1570
695.000000, 1640
664.000000, 1560
670.000000, 1578
649.000000, 1560
627.000000, 1504
663.000000, 1562
1036.000000, 2560
650.000000, 1560
823.000000, 1564
658.000000, 1572
663.000000, 1598
649.000000, 1560
658.000000, 1586
632.000000, 1516
671.000000, 1614
638.000000, 1532
677.000000, 1594
656.000000, 1540
717.000000, 1738
624.000000, 1490
661.000000, 1588
656.000000, 1576
642.000000, 1538
663.000000, 1558
637.000000, 1528
644.000000, 1544
652.000000, 1566
667.000000, 1604
660.000000, 1552
667.000000, 1570
677.000000, 1596
648.000000, 1556
670.000000, 1578
664.000000, 1562
653.000000, 1568
687.000000, 1620
671.000000, 1582
643.000000, 1542
653.000000, 1570
659.000000, 1584
657.000000, 1544
648.000000, 1560
654.000000, 1534
663.000000, 1596
654.000000, 1534
666.000000, 1600
620.000000, 1480
668.000000, 1610
661.000000, 1554
660.000000, 1584
653.000000, 1566
678.000000, 1588
645.000000, 1516
654.000000, 1536
670.000000, 1612
659.000000, 1548
641.000000, 1538
672.000000, 1620
658.000000, 1548
660.000000, 1588
673.000000, 1588
629.000000, 1508
650.000000, 1564
640.000000, 1534
667.000000, 1604
643.000000, 1540
642.000000, 1542
666.000000, 1570
707.000000, 1712
671.000000, 1580
651.000000, 1564
750.000000, 1822
650.000000, 1560
644.000000, 1546
645.000000, 1510
645.000000, 1546
669.000000, 1578
650.000000, 1526
642.000000, 1540
636.000000, 1488
634.000000, 1486
654.000000, 1536
653.000000, 1570
655.000000, 1574
645.000000, 1540
630.000000, 1508
624.000000, 1460
631.000000, 1474
616.000000, 1474
619.000000, 1482
634.000000, 1516
623.000000, 1490
620.000000, 1486
614.000000, 1470
639.000000, 1534
632.000000, 1480
647.000000, 1518
596.000000, 1420
624.000000, 1458
591.000000, 1406
629.000000, 1474
621.000000, 1450
618.000000, 1442
625.000000, 1496
613.000000, 1466
629.000000, 1506
610.000000, 1424
611.000000, 1426
604.000000, 1444
606.000000, 1448
595.000000, 1420
598.000000, 1426
607.000000, 1416
592.000000, 1410
620.000000, 1446
621.000000, 1450
615.000000, 1472
604.000000, 1406
593.000000, 1412
621.000000, 1450
609.000000, 1454
577.000000, 1372
600.000000, 1434
582.000000, 1390
637.000000, 1526
602.000000, 1438
593.000000, 1416
609.000000, 1456
614.000000, 1468
626.000000, 1496
636.000000, 1528
611.000000, 1458
610.000000, 1460
589.000000, 1408
610.000000, 1454
609.000000, 1456
589.000000, 1406
584.000000, 1392
626.000000, 1460
600.000000, 1430
623.000000, 1456
606.000000, 1412
616.000000, 1434
586.000000, 1394
592.000000, 1410
615.000000, 1472
634.000000, 1518
669.000000, 1610
619.000000, 1484
639.000000, 1534
621.000000, 1486
587.000000, 1400
622.000000, 1486
633.000000, 1522
608.000000, 1452
611.000000, 1462
637.000000, 1530
658.000000, 1544
636.000000, 1520
645.000000, 1512
646.000000, 1512
606.000000, 1446
635.000000, 1488
602.000000, 1434
617.000000, 1476
598.000000, 1424
618.000000, 1476
613.000000, 1466
605.000000, 1444
623.000000, 1494
614.000000, 1464
617.000000, 1474
599.000000, 1430
592.000000, 1412
612.000000, 1460
597.000000, 1424
603.000000, 1438
581.000000, 1380
589.000000, 1402
591.000000, 1406
626.000000, 1460
593.000000, 1416
595.000000, 1416
593.000000, 1416
579.000000, 1376
668.000000, 1608
652.000000, 1570
647.000000, 1516
642.000000, 1542
652.000000, 1570
647.000000, 1556
667.000000, 1574
666.000000, 1604
642.000000, 1504
628.000000, 1470
644.000000, 1546
663.000000, 1562
676.000000, 1596
644.000000, 1548
637.000000, 1530
665.000000, 1566
637.000000, 1528
653.000000, 1570
662.000000, 1548
658.000000, 1546
626.000000, 1496
640.000000, 1536
664.000000, 1562
659.000000, 1582
622.000000, 1452
635.000000, 1524
598.000000, 1424
619.000000, 1448
628.000000, 1504
618.000000, 1482
593.000000, 1414
600.000000, 1428
616.000000, 1470
596.000000, 1420
617.000000, 1474
618.000000, 1446
629.000000, 1474
605.000000, 1410
611.000000, 1416
602.000000, 1438
608.000000, 1418
627.000000, 1466
620.000000, 1448
613.000000, 1432
633.000000, 1480
609.000000, 1456
635.000000, 1484
585.000000, 1392
603.000000, 1404
617.000000, 1440
610.000000, 1454
618.000000, 1482
616.000000, 1472
610.000000, 1424
646.000000, 1518
648.000000, 1520
645.000000, 1514
619.000000, 1444
611.000000, 1458
618.000000, 1442
587.000000, 1398
641.000000, 1540
629.000000, 1472
606.000000, 1448
599.000000, 1430
606.000000, 1446
617.000000, 1474
601.000000, 1434
617.000000, 1480
612.000000, 1458
642.000000, 1530
612.000000, 1462
647.000000, 1520
646.000000, 1512
620.000000, 1486
630.000000, 1474
633.000000, 1478
601.000000, 1434
648.000000, 1522
646.000000, 1548
624.000000, 1458
607.000000, 1450
625.000000, 1498
612.000000, 1462
640.000000, 1498
657.000000, 1544
609.000000, 1456
617.000000, 1478
635.000000, 1522
618.000000, 1478
621.000000, 1486
607.000000, 1450
649.000000, 1558
652.000000, 1562
669.000000, 1572
655.000000, 1542
655.000000, 1576
633.000000, 1520
748.000000, 1778
629.000000, 1504
675.000000, 1592
628.000000, 1470
648.000000, 1522
641.000000, 1504
583.000000, 1388
584.000000, 1390
611.000000, 1458
647.000000, 1556
612.000000, 1464
627.000000, 1504
654.000000, 1574
657.000000, 1582
661.000000, 1590
651.000000, 1564
645.000000, 1552
677.000000, 1598
624.000000, 1458
630.000000, 1476
637.000000, 1492
608.000000, 1454
623.000000, 1494
657.000000, 1544
633.000000, 1514
661.000000, 1554
650.000000, 1526
644.000000, 1546
626.000000, 1496
671.000000, 1616
660.000000, 1554
667.000000, 1608
660.000000, 1586
648.000000, 1560
654.000000, 1570
695.000000, 1680
623.000000, 1494
612.000000, 1462
621.000000, 1486
630.000000, 1508
624.000000, 1492
624.000000, 1494
610.000000, 1456
634.000000, 1522
667.000000, 1608
634.000000, 1520
655.000000, 1572
646.000000, 1550
630.000000, 1512
654.000000, 1572
668.000000, 1610
634.000000, 1482
625.000000, 1460
617.000000, 1474
609.000000, 1454
633.000000, 1518
626.000000, 1500
592.000000, 1412
621.000000, 1450
621.000000, 1452
629.000000, 1474
606.000000, 1448
615.000000, 1466
604.000000, 1444
628.000000, 1468
643.000000, 1508
602.000000, 1438
610.000000, 1458
631.000000, 1512
619.000000, 1482
613.000000, 1468
643.000000, 1542
651.000000, 1568
651.000000, 1564
648.000000, 1556
650.000000, 1560
655.000000, 1574
676.000000, 1596
667.000000, 1566
601.000000, 1432
608.000000, 1452
598.000000, 1428
607.000000, 1450
608.000000, 1452
618.000000, 1442
613.000000, 1466
607.000000, 1448
609.000000, 1454
589.000000, 1402
665.000000, 1568
656.000000, 1542
638.000000, 1530
668.000000, 1610
651.000000, 1566
650.000000, 1564
633.000000, 1516
617.000000, 1470
654.000000, 1576
652.000000, 1568
657.000000, 1542
620.000000, 1486
623.000000, 1490
644.000000, 1514
623.000000, 1458
666.000000, 1600
1075.000000, 2666
605.000000, 1442
630.000000, 1510
634.000000, 1482
641.000000, 1502
655.000000, 1538
605.000000, 1446
612.000000, 1428
621.000000, 1484
609.000000, 1456
602.000000, 1440
610.000000, 1458
623.000000, 1492
593.000000, 1416
635.000000, 1488
635.000000, 1522
667.000000, 1604
686.000000, 1620
663.000000, 1560
658.000000, 1548
660.000000, 1588
633.000000, 1518
663.000000, 1594
681.000000, 1606
661.000000, 1556
658.000000, 1548
674.000000, 1624
622.000000, 1452
645.000000, 1514
653.000000, 1534
595.000000, 1420
617.000000, 1444
651.000000, 1528
604.000000, 1440
618.000000, 1476
641.000000, 1502
609.000000, 1454
606.000000, 1450
627.000000, 1456
599.000000, 1432
653.000000, 1570
678.000000, 1598
633.000000, 1520
633.000000, 1520
661.000000, 1592
638.000000, 1530
654.000000, 1536
661.000000, 1592
645.000000, 1546
641.000000, 1530
675.000000, 1626
1118.000000, 2740
611.000000, 1458
587.000000, 1400
585.000000, 1390
638.000000, 1494
628.000000, 1504
624.000000, 1494
614.000000, 1470
665.000000, 1596
640.000000, 1534
590.000000, 1404
640.000000, 15