PERF_COUNT_HW_CPU_CYCLES,PERF_COUNT_HW_INSTRUCTIONS,PERF_COUNT_SW_PAGE_FAULTS,PERF_COUNT_HW_CACHE_L1D_MISS,PERF_COUNT_HW_CACHE_DTLB_MISS,PERF_COUNT_HW_CACHE_MISS,PERF_COUNT_HW_CACHE_DTLB_MISS,PERF_COUNT_HW_CACHE_DTLB_ACCESSES,PERF_COUNT_SW_CPU_MIGRATIONS,PERF_COUNT_SW_PAGE_FAULTS_MIN,PERF_COUNT_SW_PAGE_FAULTS_MAJ
335928725,1391780588,4,11534,381,605,385,469893659,0,4,0
339349295,1397153387,4,23571,343,1267,393,480070370,0,4,0
329521588,1382409663,6,12333,337,540,427,474228120,0,6,0
378842133,1433087567,4,22343,397,322,506,479222182,0,4,0
338767963,1391780046,6,13079,425,393,495,480831279,0,6,0
336016942,1388001364,4,21738,407,262,440,481923530,0,4,0
334398316,1389476489,4,12141,407,282,380,481422338,0,4,0
334019694,1389136503,6,22198,381,260,394,479954526,0,6,0
334692398,1389930249,4,12382,324,298,382,477319342,0,4,0
334311200,1389640617,6,23663,339,292,433,477248326,0,6,0
338703444,1401187950,4,11153,337,384,425,477240958,0,4,0
342903631,1414752915,4,22346,305,378,431,476529742,0,4,0
348583797,1428602811,6,11223,303,253,434,477104017,0,6,0
338749560,1402932331,4,12494,312,362,430,472554292,0,4,0
338819591,1395055068,6,22757,394,387,628,471371685,0,6,0
338815299,1402324841,4,10754,325,296,438,472139755,0,4,0
348770277,1431513955,4,22544,389,244,446,472834231,0,4,0
348763803,1433650140,6,12472,619,813,609,473563932,0,6,0
338803318,1390147176,4,23096,468,534,526,483012657,0,4,0
336915886,1386776080,6,12337,408,313,440,482117956,0,6,0
333416191,1388001509,4,21649,457,280,422,482009557,0,4,0
332340344,1386082510,4,12818,410,283,413,478884861,0,4,0
335122822,1390608224,6,22072,308,278,359,477735058,0,6,0
335699713,1394487319,4,11989,306,396,385,476654845,0,4,0
340982964,1408690801,6,22103,308,306,460,476778459,0,6,0
346084647,1423816637,4,10830,305,289,426,476606804,0,4,0
338811778,1402486983,6,23342,301,361,441,474171786,0,6,0
338790906,1403738945,4,11702,333,364,424,472627666,0,4,0
348777504,1432094609,4,23301,375,368,426,472940552,0,4,0
338815771,1404427939,6,12521,397,302,444,482356121,0,6,0
338806411,1395044165,4,11987,387,338,449,481850592,0,4,0
338808159,1388595854,6,23239,407,266,468,481733057,0,6,0
336626284,1389484120,4,11670,397,348,425,481476454,0,4,0
332319159,1386138177,4,23010,404,244,425,482283127,0,4,0
341526100,1400914628,6,11988,398,321,365,478684910,0,6,0
330562657,1383441868,4,23073,350,496,355,479482919,0,4,0
332452281,1390440964,6,13742,366,613,469,473883949,0,6,0
342537863,1414114796,4,21161,347,287,480,476045492,0,4,0
338820010,1410059798,4,11788,314,407,441,474809068,0,4,0
348765330,1423740025,6,22819,510,623,608,469951291,0,6,0
348736173,1436282751,4,12742,437,334,513,474236122,0,4,0
338817548,1405428516,6,22780,372,262,453,483975792,0,6,0
337146172,1380109024,4,10608,369,235,409,483785893,0,4,0
329872430,1382332341,4,23048,353,446,360,482907340,0,4,0
329466366,1381416115,6,11729,308,364,365,474535523,0,6,0
338312617,1407063957,4,23088,311,317,387,474370940,0,4,0
348018253,1432914678,6,12634,423,883,607,474689625,0,6,0
338806742,1402453154,4,11419,329,438,477,472208394,0,4,0
348694052,1429862812,6,23785,422,324,478,472393963,0,6,0
348701030,1427996648,4,11687,389,376,442,471481833,0,4,0
338814192,1402804342,4,23365,395,381,445,481851607,0,4,0
338812888,1399971408,6,13277,401,359,463,480866858,0,6,0
338762874,1392167322,4,23385,388,447,459,481684820,0,4,0
338745086,1372425457,6,13418,380,323,471,473179805,0,6,0
358745475,1417367385,4,21409,335,331,442,482710035,0,4,0
338622204,1388844604,4,11961,372,288,411,481581704,0,4,0
330862883,1383928880,6,23028,389,304,437,482871318,0,6,0
328306960,1379614578,4,11990,347,356,357,475903108,0,4,0
337037375,1402580799,6,22908,312,355,394,474459367,0,6,0
346443199,1429660951,4,10654,311,294,443,474051048,0,4,0
338814319,1407995332,4,22906,319,509,443,474171929,0,4,0
348774709,1435171461,6,11596,387,406,457,473827314,0,6,0
338781665,1388633699,4,22382,375,295,448,484185312,0,4,0
330928715,1380486384,6,12900,503,932,701,483831013,0,6,0
329885828,1381967718,4,12181,371,310,371,477018050,0,4,0
335392975,1393169339,4,22159,343,342,417,476936276,0,4,0
340069432,1404684699,6,11146,315,311,470,477390617,0,6,0
343793750,1415537943,4,23109,320,315,448,477347008,0,4,0
348075099,1429323918,6,12288,309,361,430,476419711,0,6,0
338776405,1407241532,4,22910,343,501,444,474017941,0,4,0
348742187,1436999348,4,12484,445,314,502,474524833,0,4,0
338814564,1396887252,6,21765,394,286,444,483122603,0,6,0
334065722,1378582534,4,12296,388,254,404,484307152,0,4,0
328462614,1379953914,6,23065,382,320,348,479235990,0,6,0
333590696,1394874113,4,11388,319,345,381,473717972,0,4,0
344247284,1423736241,6,22861,333,403,432,474042982,0,6,0
338797829,1408687111,4,10975,323,329,429,474277014,0,4,0
348770248,1425729527,4,23698,389,467,438,470891025,0,4,0
348771873,1430214261,6,12138,402,330,465,472238858,0,6,0
338815574,1402492895,4,22180,389,281,452,481741870,0,4,0
338794450,1395845809,6,13015,453,305,460,481707857,0,6,0
338807298,1388506665,4,11407,389,313,450,481685704,0,4,0
336692796,1389112633,4,22708,389,455,414,481585789,0,4,0
327903855,1379303980,6,11965,379,359,365,481458057,0,6,0
331624774,1387932874,4,22124,312,278,379,474393294,0,4,0
341162413,1416235572,6,11924,325,279,450,473684499,0,6,0
338793232,1408175579,4,22101,333,427,437,474312211,0,4,0
348777188,1430033362,4,12216,387,354,510,472348008,0,4,0
348782148,1435576399,6,22018,509,330,572,473951488,0,6,0
338778048,1387046789,4,11747,384,320,445,483967401,0,4,0
332426365,1382964698,6,23081,399,276,425,483241199,0,6,0
333101458,1387451110,4,11348,355,417,363,480044362,0,4,0
332043322,1386062094,4,22826,306,213,354,475955130,0,4,0
337275240,1398872226,6,11539,306,350,383,476382520,0,6,0
342956343,1416456012,4,22792,304,409,432,475644243,0,4,0
338787821,1403573087,6,12978,300,359,466,475001451,0,6,0
338816300,1403139473,4,10688,310,240,430,472464600,0,4,0
348772819,1430119084,6,23171,374,336,439,472298179,0,6,0
348774400,1429577199,4,11305,380,243,427,472045930,0,4,0
338791714,1399426794,4,22938,392,367,438,484503991,0,4,0
338808013,1393562858,6,12368,415,312,465,480355293,0,6,0
332963203,1380425666,4,22222,393,338,474,483704357,0,4,0
327637797,1378522051,6,12625,370,406,361,477630956,0,6,0
335614509,1392391277,4,22503,328,435,382,477502509,0,4,0
339431121,1405196119,4,12599,351,355,472,476281467,0,4,0
345380313,1421826365,6,22021,320,276,457,476266312,0,6,0
338816845,1402589678,4,11433,311,348,452,474350039,0,4,0
338809914,1406255787,6,23635,396,279,514,473488496,0,6,0
348718448,1436593033,4,12136,381,429,440,474710721,0,4,0
338807745,1388711391,4,22856,382,295,443,484322728,0,4,0
338809349,1396899556,6,11880,396,361,464,479497106,0,6,0
333534245,1383691792,4,23036,385,479,416,482847682,0,4,0
331472845,1384916371,6,12825,353,300,374,480142884,0,6,0
331167668,1387238430,4,10783,306,276,388,474148895,0,4,0
341127697,1416307068,4,22687,312,292,443,473588637,0,4,0
338814690,1408949830,6,10703,313,233,449,474513547,0,6,0
348768643,1436140145,4,22676,379,303,453,474470294,0,4,0
338782031,1393933830,6,12653,381,291,465,484264146,0,6,0
332183879,1379278078,4,21566,376,284,415,483981279,0,4,0
327632244,1378562825,4,12415,367,422,361,476942731,0,4,0
336394450,1400756706,6,22532,327,414,446,474701073,0,6,0
345396831,1427431176,4,12260,322,335,445,473944053,0,4,0
338818497,1409919761,6,22575,325,248,455,474696268,0,6,0
348774731,1435798969,4,11479,385,397,445,474265758,0,4,0
338754650,1387384861,6,24557,414,245,474,483145276,0,6,0
331985929,1380684930,4,11240,388,330,414,483578707,0,4,0
328222110,1379757106,4,22736,365,319,355,477239605,0,4,0
335917932,1400381912,6,12838,375,318,440,473951211,0,6,0
346066780,1425375984,4,12102,326,482,445,475601021,0,4,0
338746649,1408310274,6,23345,321,408,468,474306238,0,6,0
348777880,1435549580,4,10680,367,230,443,473921769,0,4,0
358720726,1369127701,4,24210,377,368,473,480471166,0,4,0
346855728,1431137415,6,11290,316,267,442,474129294,0,6,0
338745482,1401390006,4,23529,325,309,429,472044299,0,4,0
348744172,1430552658,6,12657,394,328,458,472452893,0,6,0
348737056,1429235633,4,22076,383,323,441,472026889,0,4,0
338813780,1404130069,4,12080,386,379,447,482222979,0,4,0
338806566,1393738986,6,23620,413,384,475,481769222,0,6,0
338780639,1386540001,4,11770,391,353,455,482029531,0,4,0
333780137,1386843129,6,22725,401,257,428,482173425,0,6,0
333848689,1388925087,4,11256,381,368,356,481637791,0,4,0
332658548,1386743813,4,23139,354,309,358,476646000,0,4,0
334536706,1390887583,6,11658,307,319,383,476818730,0,6,0
339640400,1398698757,4,22049,309,263,445,479692724,0,4,0
339520258,1406061878,6,11790,306,376,440,476032211,0,6,0
345720604,1426699892,4,22572,314,408,426,474351290,0,4,0
338817479,1410082688,6,12525,317,349,438,474760033,0,6,0
348779041,1435946863,4,10670,368,276,431,474438982,0,4,0
338777628,1394674348,4,23310,378,269,436,481742614,0,4,0
337189881,1382199889,6,11992,407,381,423,483182852,0,6,0
328024332,1379316610,4,23251,401,503,388,481850229,0,4,0
330997828,1388524266,6,12470,326,235,369,473422704,0,6,0
342068829,1418764734,4,21623,318,313,426,473531424,0,4,0
338800005,1402436463,4,12261,309,555,433,473020507,0,4,0
338789837,1404036888,6,23328,335,288,455,472793662,0,6,0
348779631,1430359187,4,11624,395,355,459,472316469,0,4,0
338812734,1394973356,6,24298,470,567,592,479102921,0,6,0
348778019,1437018510,4,11498,489,643,583,474334448,0,4,0
338800362,1384328128,4,23305,474,432,550,483354816,0,4,0
334962325,1387396483,6,11896,412,345,444,481806039,0,6,0
333154800,1387640237,4,22669,407,279,383,481944650,0,4,0
330893448,1384479121,6,11944,393,368,391,476205897,0,6,0
335745115,1400272372,4,11754,341,421,418,473989904,0,4,0
345816738,1417263275,4,22604,342,252,470,478997019,0,4,0
346868742,1424395294,6,10631,330,272,476,477007901,0,6,0
338815187,1403282059,4,21945,317,409,468,474055938,0,4,0
338816221,1394329478,6,12058,327,238,483,472959191,0,6,0
338778029,1407898198,4,22348,341,316,454,474041163,0,4,0
348778366,1437096775,4,12073,391,364,460,474557363,0,4,0
338810113,1392337226,6,22286,396,312,467,483334960,0,6,0
334238857,1381798871,4,11962,403,428,437,483354198,0,4,0
333845301,1388630267,6,24057,430,380,383,481715262,0,6,0
332772491,1387121545,4,11415,382,303,375,477115423,0,4,0
333948881,1389133615,6,24089,346,325,417,476957015,0,6,0
338892681,1399459576,4,10463,338,253,455,478277537,0,4,0
341282529,1410020023,4,23176,334,323,465,476721165,0,4,0
346631802,1424768254,6,11783,346,299,480,476632784,0,6,0
338823670,1402812038,4,21875,332,361,477,473744659,0,4,0
338819223,1402783925,6,12470,359,335,483,472321710,0,6,0
348765690,1433283034,4,11101,401,529,476,473134534,0,4,0
338813266,1403950122,4,23609,396,396,478,484066813,0,4,0
336699928,1380268419,6,11319,404,266,453,483810717,0,6,0
327856498,1378773701,4,22693,375,259,379,481374619,0,4,0
331663225,1390148667,6,11932,318,290,415,473499661,0,6,0
342535553,1413714319,4,22104,315,237,459,476480403,0,4,0
348250106,1431302476,4,11433,328,259,472,475616327,0,4,0
338796754,1402736413,6,22384,332,374,479,472561325,0,6,0
348770404,1434619846,4,11493,404,498,483,473736098,0,4,0
338801546,1405140813,6,23998,397,322,488,484132180,0,6,0
336789633,1379745461,4,10887,394,293,448,483870212,0,4,0
328467950,1379772398,4,23491,373,264,391,481787579,0,4,0
339033779,1396492316,6,11269,338,237,389,479735254,0,6,0
330577090,1386756269,4,23444,327,312,394,473729150,0,4,0
341265641,1415799400,6,12465,320,256,452,473643256,0,6,0
338782712,1408880981,4,22058,330,363,456,474258567,0,4,0
348756171,1437358787,6,12700,391,378,460,474765914,0,6,0
338806804,1396793862,4,11564,398,410,477,483602167,0,4,0
334042304,1379135713,4,24195,399,322,435,484168209,0,4,0
328152848,1379438001,6,11822,391,277,394,478820251,0,6,0
333927550,1395788744,4,22798,331,290,421,473791364,0,4,0
344464580,1424607426,6,11501,332,249,483,473689463,0,6,0
338775892,1403978377,4,22662,339,335,461,472784635,0,4,0
348775877,1430133709,4,12163,386,287,455,472400069,0,4,0
348771912,1430597707,6,22626,393,287,468,472323487,0,6,0
338793270,1403246340,4,11891,407,488,457,483029761,0,4,0
337693920,1380913879,6,25231,508,734,597,483683119,0,6,0
329240065,1380836279,4,10569,381,280,376,482933907,0,4,0
329163986,1382809181,4,23780,325,343,378,473623694,0,4,0
340023246,1411577936,6,11035,365,315,494,474128217,0,6,0
338762860,1406764174,4,23709,371,550,521,474091331,0,4,0
338748790,1400835333,6,12862,356,285,456,471733196,0,6,0
348776987,1428578385,4,10632,397,338,464,471668528,0,4,0
348739527,1429977342,4,23453,410,418,477,472254842,0,4,0
338790951,1401254610,6,12186,417,399,478,484073342,0,6,0
338755001,1399815717,4,24026,405,318,478,478809181,0,4,0
338805408,1390323706,6,12042,418,266,492,481213526,0,6,0
338813442,1390737065,4,22419,397,369,478,481221191,0,4,0
338812442,1398623808,4,12031,400,236,481,479063511,0,4,0
338711639,1392715912,6,23854,420,402,501,480555631,0,6,0
335705585,1388947258,4,12078,411,291,425,481604537,0,4,0
334492074,1390152185,6,24115,422,412,376,481456483,0,6,0
333778625,1388527965,4,11319,391,390,388,479519782,0,4,0
331739324,1385621768,6,24970,354,317,406,475907795,0,6,0
337740540,1405753414,4,10930,337,310,407,473672223,0,4,0
348312926,1436288905,4,22904,415,302,513,474128092,0,4,0
348778505,1436395846,6,11833,427,336,489,474145172,0,6,0
338779593,1407396686,4,23181,417,274,480,483766609,0,4,0
338824645,1397841812,6,12731,429,369,471,479237840,0,6,0
334698339,1388465749,4,11274,459,291,434,481653020,0,4,0
331437339,1384607054,4,23491,388,447,394,481429068,0,4,0
330083387,1385256457,6,11771,340,373,423,473270713,0,6,0
341058092,1409637738,4,22340,340,389,526,476478511,0,4,0
346742757,1425982819,6,12272,353,265,484,476102031,0,6,0
338815040,1403117827,4,22219,332,314,472,472716776,0,4,0
338813085,1398615069,4,11465,347,263,472,470999401,0,4,0
348763906,1434571824,6,22545,408,307,555,473534912,0,6,0
348776427,1436001458,4,11448,387,234,468,474517004,0,4,0
338757553,1392019864,6,24042,402,429,487,480740373,0,6,0
338476532,1384806115,4,11219,406,488,445,482728292,0,4,0
332561888,1387248687,4,23634,410,309,404,482198165,0,4,0
334635371,1389657641,6,10857,391,307,387,480761727,0,6,0
333224625,1387968381,4,23930,386,316,428,476660308,0,4,0
334623526,1392465065,6,12641,318,314,418,476136783,0,6,0
340576002,1408463820,4,22719,346,533,467,476725283,0,4,0
346153783,1424130888,6,12546,350,326,447,476287771,0,6,0
338796622,1401960044,4,11316,326,330,458,474144549,0,4,0
338816296,1405578076,4,23476,344,515,457,473442241,0,4,0
348773500,1436681674,6,12732,477,372,489,474237405,0,6,0
338803547,1401283893,4,23069,418,373,499,481849912,0,4,0
338793071,1391896032,6,13051,424,321,495,480748652,0,6,0
338806115,1392826547,4,22043,408,270,485,480696023,0,4,0
337274684,1386618933,4,11869,408,346,437,482134441,0,4,0
330161181,1382660966,6,24024,396,314,405,483208952,0,6,0
338747036,1408622839,4,11242,342,266,409,473848620,0,4,0
338781307,1403026302,6,23618,337,422,534,476221554,0,6,0
338800703,1409085059,4,10768,350,446,470,474343308,0,4,0
348720123,1436426072,4,24144,401,415,472,474296111,0,4,0
338808888,1398219060,6,11440,420,324,494,480271190,0,6,0
338816325,1387229945,4,22732,400,357,478,483906742,0,4,0
358742217,1388572039,6,13323,434,355,508,470101154,0,6,0
348673556,1429224500,4,23095,471,357,537,472109251,0,4,0
348775828,1430711742,4,12208,397,276,468,472592148,0,4,0
338813298,1400900398,6,11826,418,351,490,481135238,0,6,0
338818327,1400652608,4,23318,405,397,484,481385387,0,4,0
338786319,1389302838,6,12942,423,356,496,481407872,0,6,0
338743841,1388846903,4,22425,404,288,479,481597117,0,4,0
332380949,1385171285,4,12222,463,611,603,482535224,0,4,0
330080800,1382479129,6,22818,467,812,447,478472942,0,6,0
333736517,1394803256,4,12138,325,337,411,473937402,0,4,0
344132396,1419007426,6,23378,333,351,492,476200344,0,6,0
338778320,1398209531,4,11329,316,323,472,477402916,0,4,0
338821830,1402554527,6,23769,326,431,463,474422663,0,6,0
338812737,1408188424,4,11170,339,353,468,474028796,0,4,0
348738819,1434378271,4,23544,391,323,469,473423706,0,4,0
338811423,1399736090,6,12228,417,325,474,480831618,0,6,0
338814689,1391417571,4,23068,413,293,469,482165415,0,4,0
337798093,1385675428,6,12386,427,240,451,482399911,0,6,0
339624948,1401935190,4,23152,402,352,423,478239575,0,4,0
335795152,1387128644,4,12071,417,363,452,482029463,0,4,0
333190763,1387576745,6,11985,425,388,391,481925477,0,6,0
330317057,1383356909,4,22868,401,521,403,476493898,0,4,0
335592667,1399810480,6,12354,357,352,440,473732331,0,6,0
346137846,1421393546,4,21819,342,219,463,477522559,0,4,0
338813418,1403679820,4,11967,317,385,479,475277366,0,4,0
338820352,1402079939,6,22116,330,362,551,472093625,0,6,0
348736531,1429530503,4,11799,398,264,473,472025193,0,4,0
348777247,1435520840,6,23707,397,384,493,473922894,0,6,0
338782683,1391472158,4,10851,390,246,470,484096978,0,4,0
331212734,1378163463,4,23183,394,389,432,484246333,0,4,0
328877934,1380091749,6,11337,392,448,390,476697191,0,6,0
336128048,1399035885,4,23363,382,303,473,475133891,0,4,0
344158907,1417793008,6,11520,324,284,473,476644474,0,6,0
338801610,1401807723,4,22575,323,465,461,476648689,0,4,0
338815987,1397103490,6,12192,332,269,458,474541039,0,6,0
338809266,1402475150,4,21817,335,364,451,472153044,0,4,0
348784514,1438085968,4,11797,395,303,463,474691158,0,4,0
338756098,1402630202,6,12601,413,358,474,483953455,0,6,0
338812399,1385601022,4,23407,471,426,531,482601174,0,4,0
333829374,1386577449,6,12851,412,408,444,482213011,0,6,0
335197017,1390955323,4,22388,416,292,390,481153508,0,4,0
339032293,1396818117,4,12766,410,246,381,479484462,0,4,0
332781327,1387266601,6,22843,393,309,386,478372458,0,6,0
332965468,1387614295,4,12002,352,321,397,476370457,0,4,0
338384185,1401988764,6,23444,329,281,444,476723975,0,6,0
343610535,1414650189,4,10743,325,332,469,477252479,0,4,0
347808060,1427188959,4,23163,335,440,469,476968733,0,4,0
338776877,1402580187,6,12024,322,319,467,472921030,0,6,0
338817826,1401656820,4,23337,336,435,460,471991562,0,4,0
348780070,1429685953,6,12556,419,387,472,472080055,0,6,0
351394065,1395404065,4,22683,391,339,454,479286577,0,4,0
355921756,1425689472,4,12444,361,345,482,471434407,0,4,0
348778228,1427985659,6,23489,421,373,495,471533914,0,6,0
338811230,1400662959,4,11614,412,257,481,481061031,0,4,0
338811084,1397284106,6,12319,417,478,488,482336086,0,6,0
335656787,1380328998,4,22467,397,406,440,484048826,0,4,0
329325761,1381021117,4,12770,380,433,393,481192225,0,4,0
336068189,1392196182,6,22527,380,298,443,478169191,0,6,0
333798103,1390309432,4,11600,321,247,411,476057192,0,4,0
340003542,1405760217,6,22969,335,248,491,476974608,0,6,0
344952012,1418515946,4,11164,318,334,456,477244923,0,4,0
338778919,1401454747,6,24574,321,336,462,477150680,0,6,0
338813564,1400922478,4,10611,313,303,456,473598098,0,4,0
338820357,1402375530,4,23309,351,440,458,472310555,0,4,0
348752851,1419238479,6,11990,394,277,484,469867338,0,6,0
338816598,1402229091,4,23115,351,381,476,472316460,0,4,0
348783432,1429719376,6,12085,411,324,482,472134382,0,6,0
348746768,1426452625,4,22319,402,299,467,471005174,0,4,0
348753456,1430775748,4,11912,394,267,471,472472018,0,4,0
338780870,1400494251,6,23500,406,321,487,482003717,0,6,0
338811030,1386733989,4,11319,397,261,483,482069701,0,4,0
335802283,1386733048,6,12319,405,380,455,482130191,0,6,0
334222937,1389292759,4,22485,402,423,382,481515050,0,4,0
333819014,1388621960,4,12614,373,406,378,479424929,0,4,0
343109926,1403044263,6,23261,369,250,378,480011294,0,6,0
332408271,1386173647,4,11967,383,360,385,478300404,0,4,0
332832469,1387024938,6,24033,346,328,419,476323360,0,6,0
338846193,1401090661,4,10725,333,275,446,477231497,0,4,0
343057174,1414862000,4,23635,344,347,475,476621894,0,4,0
348482881,1428700349,6,11355,337,269,479,477156618,0,6,0
338816640,1402396857,4,22854,334,500,481,472882639,0,4,0
338814471,1403441018,6,11969,338,333,483,472372275,0,6,0
348711722,1429891718,4,22557,395,378,478,472252837,0,4,0
348774559,1429611750,6,12640,385,313,476,472078369,0,6,0
338813957,1403104484,4,22277,394,286,469,481696451,0,4,0
338812645,1389918424,4,12170,392,316,518,482051384,0,4,0
338481424,1388491433,6,23935,402,302,432,481747088,0,6,0
336358064,1392773705,4,12221,398,341,365,480721570,0,4,0
333437534,1388079036,6,13125,433,402,391,481808323,0,6,0
334242353,1389299870,4,23126,397,359,384,479593584,0,4,0
338294824,1395734074,4,12579,341,374,394,479280742,0,4,0
332006025,1385839776,6,23305,337,265,388,475933825,0,6,0
337801524,1401176553,4,11751,333,279,405,476220668,0,4,0
343933542,1418959588,6,23244,348,257,478,475877107,0,6,0
338781582,1402406898,4,10964,313,317,469,474607125,0,4,0
338812655,1405507696,4,23203,342,324,479,473237634,0,4,0
348750456,1432038401,6,11623,415,442,500,472920472,0,6,0
338812510,1405678181,4,23296,403,388,478,483556600,0,4,0
336234024,1377938679,6,12298,393,337,447,484465172,0,6,0
331111249,1384292295,4,23099,403,415,422,482629659,0,4,0
337151343,1393921491,4,13324,368,337,383,478747665,0,4,0
333009646,1387440917,6,23036,321,313,366,476500273,0,6,0
335927571,1395969377,4,12777,330,345,410,476220813,0,4,0
342175462,1413439359,6,23462,331,276,473,476211077,0,6,0
348134683,1428691977,4,10568,338,359,451,476733472,0,4,0
338800082,1405618113,4,12419,355,496,461,473183081,0,4,0
348785826,1431908564,6,22820,418,365,480,472929111,0,6,0
348769895,1436729836,4,12072,458,297,527,474460068,0,4,0
338819357,1390183518,6,23712,422,375,482,481967695,0,6,0
338809836,1389076420,4,11530,406,264,474,481553612,0,4,0
338814579,1398341271,6,24654,424,296,498,479210621,0,6,0
335807282,1388121262,4,11825,405,419,442,481608562,0,4,0
332803518,1387162650,4,23598,411,312,393,482182384,0,4,0
333634452,1388347488,6,11853,436,405,381,478034910,0,6,0
332571806,1390762290,4,23541,324,381,408,474543118,0,4,0
341872820,1417289427,6,12141,321,309,474,474043313,0,6,0
338813467,1405099946,4,22167,335,300,471,473253143,0,4,0
348773481,1434270274,4,12397,439,744,613,473552038,0,4,0
348743314,1436180456,6,23904,537,625,609,474362489,0,6,0
338782695,1382284338,4,11744,444,337,526,483660022,0,4,0
330077888,1381611838,6,23402,384,276,458,483388186,0,6,0
334783027,1390353331,4,10736,365,371,384,478721986,0,4,0
331519968,1385074801,4,12281,318,457,382,475514620,0,4,0
338446250,1406762411,6,23938,319,335,388,474458679,0,6,0
347670210,1433205660,4,11870,314,284,437,474120508,0,4,0
338815479,1408669559,6,24097,332,392,457,474549351,0,6,0
348781471,1434806375,4,11182,374,334,438,473647745,0,4,0
338812932,1387199817,4,23834,384,252,440,483797570,0,4,0
358724103,1388035359,6,13440,518,527,578,470025452,0,6,0
348773749,1429169993,4,23765,483,570,572,471858711,0,4,0
348715853,1431885705,6,13166,408,527,472,472616772,0,6,0
338808503,1402009126,4,23214,407,541,549,481752018,0,4,0
338808787,1398068982,6,12408,420,510,519,481275991,0,6,0
338778992,1390617513,4,22760,431,334,486,481204595,0,4,0
337789566,1386244441,4,12082,377,297,420,482234982,0,4,0
330624573,1383345813,6,23490,401,276,414,483036141,0,6,0
331000937,1384758636,4,11301,362,405,368,476207845,0,4,0
335483314,1394011819,6,24573,318,338,395,476546266,0,6,0
341030475,1409020896,4,10854,331,357,446,476673952,0,4,0
346327694,1427263553,4,11718,332,446,445,474953004,0,4,0
338814967,1398988795,6,23461,341,363,471,473029767,0,6,0
338817338,1409314745,4,11980,341,335,457,474530686,0,4,0
348773714,1432180074,6,24774,417,362,483,472869346,0,6,0
338817710,1401753631,4,10896,408,360,478,481186381,0,4,0
338812299,1386116851,4,23730,435,385,508,482778814,0,4,0
335305636,1385862306,6,12487,429,275,461,482300047,0,6,0
332366352,1386219035,4,23635,409,290,388,482311168,0,4,0
335976272,1391926302,6,11947,394,407,395,478441573,0,6,0
331189547,1388057096,4,22727,341,368,408,473829715,0,4,0
341507729,1417325553,4,12127,348,276,464,473449875,0,4,0
338811542,1396480812,6,22688,330,289,493,476258855,0,6,0
338796750,1409880279,4,11545,334,355,471,474757106,0,4,0
348779334,1438329425,6,23489,391,283,476,474977557,0,6,0
338809818,1390806596,4,10923,391,301,466,483886144,0,4,0
331656967,1380322909,4,23942,392,320,440,483866298,0,4,0
334457557,1389642553,6,11095,384,386,387,480106983,0,6,0
330446430,1383224468,4,12297,332,450,397,475051309,0,4,0
338268181,1407977894,6,23904,325,226,405,473656550,0,6,0
338786612,1409667332,4,11425,333,374,464,474601163,0,4,0
348759358,1430100386,6,24140,396,407,484,472305647,0,6,0
348774485,1429816784,4,10319,387,270,468,472233481,0,4,0
338815499,1403487517,4,23814,398,397,476,481978041,0,4,0
338743492,1396239829,6,12527,414,301,479,481987485,0,6,0
338780564,1399655804,4,23820,412,346,472,478978515,0,4,0
338810579,1385747480,6,12762,430,485,485,482426735,0,6,0
330949124,1379508796,4,23341,411,309,454,484256935,0,4,0
327495933,1378336841,4,13095,383,333,386,475649001,0,4,0
337692372,1404127926,6,23616,335,277,408,474799584,0,6,0
346453785,1424084168,4,11273,329,267,454,476600312,0,4,0
338820812,1400437381,6,23928,336,289,475,475057456,0,6,0
338816697,1401408347,4,11021,346,325,467,471973493,0,4,0
348744711,1430947431,4,12052,393,333,473,472455159,0,4,0
348773332,1430976575,6,22943,409,421,480,472408551,0,6,0
338794952,1396468559,4,12318,411,525,487,479602274,0,4,0
338758823,1405752236,6,24588,400,273,485,482731798,0,6,0
338774382,1389685464,4,10952,402,260,481,482123951,0,4,0
333453680,1380121495,4,23479,441,300,498,483845826,0,4,0
329081237,1381200982,6,11175,391,283,387,478826911,0,6,0
333662282,1394969816,4,23733,325,314,405,473872723,0,4,0
344339471,1423089013,6,11748,335,278,485,474322316,0,6,0
338817165,1405151866,4,22475,330,357,473,472845386,0,4,0
348780350,1431776146,6,12436,399,479,494,472874121,0,6,0
348752599,1434937399,4,22962,395,296,465,473709324,0,4,0
338810653,1387551916,4,12269,396,447,463,484145133,0,4,0
332170781,1382651198,6,23733,398,364,438,483305104,0,6,0
332703787,1386899047,4,11455,381,294,383,479626393,0,4,0
333387090,1387930327,6,24381,326,269,381,476658703,0,6,0
336578352,1396504756,4,11576,336,332,397,476729981,0,4,0
341592778,1412391323,4,12100,342,276,463,475930667,0,4,0
348121931,1428241576,6,23687,451,454,481,476927087,0,6,0
338811091,1408801733,4,11556,350,435,470,474232757,0,4,0
348777047,1436189703,6,24112,411,299,483,474159023,0,6,0
338811673,1396264148,4,10630,402,327,467,483869829,0,4,0
338772327,1391904068,4,24819,403,337,467,480888153,0,4,0
331537016,1380277901,6,11681,400,308,431,483590091,0,6,0
328311252,1379866685,4,23399,382,273,377,476502566,0,4,0
336335592,1393414387,6,12868,348,294,543,477721075,0,6,0
339809309,1406705690,4,22610,337,365,467,476338895,0,4,0
345829146,1424399650,4,11620,336,402,467,475705811,0,4,0
338816067,1407103003,6,22495,336,323,465,473817980,0,6,0
348775655,1435914981,4,11544,400,262,461,474362207,0,4,0
338810827,1400391384,6,24035,412,425,484,484022255,0,6,0
337321637,1382572809,4,10578,449,290,479,483193782,0,4,0
335030055,1390204114,6,12129,405,307,385,481166187,0,6,0
329519697,1381790963,4,23316,369,296,387,479491419,0,4,0
333017443,1392859277,4,12365,327,375,406,473797582,0,4,0
343311154,1414681775,6,24217,330,390,475,477152169,0,6,0
347944438,1434419505,4,10895,327,377,461,473636400,0,4,0
338784837,1408864738,6,24147,381,336,469,474226712,0,6,0
348778330,1432173375,4,10748,382,271,461,472939717,0,4,0
338787147,1397642331,4,24079,382,347,468,481983668,0,4,0
338813203,1389364980,6,11837,405,276,482,481402287,0,6,0
338521351,1390465935,4,23787,410,327,444,481272235,0,4,0
338367372,1395789787,6,13010,408,335,375,479673552,0,6,0
334882477,1390257958,4,23479,403,312,438,481291403,0,4,0
330662312,1383563326,4,12787,381,411,386,480796910,0,4,0
337800355,1394861518,6,24727,365,395,409,479248709,0,6,0
331957620,1389686086,4,12935,327,328,407,473833052,0,4,0
342494357,1417663647,6,24265,343,322,471,474696548,0,6,0
338819065,1401719051,4,10660,317,296,457,474828355,0,4,0
338816459,1403090914,4,12056,332,288,449,472357927,0,4,0
348781207,1429733447,6,23608,460,318,524,472360499,0,6,0
348776731,1429337288,4,11414,375,302,456,471993964,0,4,0
338806445,1400212272,6,24260,393,452,485,480922912,0,6,0
338792375,1396125424,4,10987,392,343,467,483965479,0,4,0
333608125,1379626160,4,24148,385,309,425,483999601,0,4,0
338982111,1396675590,6,11768,473,388,428,479587913,0,6,0
331891533,1385712924,4,25737,473,909,505,480889244,0,4,0
332746992,1386839959,6,12484,317,319,359,476303106,0,6,0
336249029,1396368408,4,24257,373,353,436,476580904,0,4,0
341690178,1411503355,6,12841,345,273,450,476405454,0,6,0
347330759,1425176752,4,22886,337,400,479,477250725,0,4,0
338797413,1403811422,4,12874,323,489,465,473682771,0,4,0
338793373,1403914980,6,24392,338,366,461,472681293,0,6,0
348748695,1430901455,4,11822,395,370,464,472662081,0,4,0
338813135,1403554890,6,24438,417,391,491,481962585,0,6,0
338809359,1400394396,4,10804,402,279,468,481447433,0,4,0
338736755,1386022264,4,12720,415,366,471,482308779,0,4,0
336792790,1388102887,6,24767,428,441,474,481973603,0,6,0
332927078,1387143972,4,11775,403,353,390,481942311,0,4,0
333758758,1388559518,6,24080,382,375,408,479200472,0,6,0
333740283,1388502312,4,11264,322,337,392,476774766,0,4,0
336203038,1396378649,4,24853,326,278,399,476285395,0,4,0
342265949,1412247054,6,11285,326,250,467,476709947,0,6,0
347446382,1431441844,4,23801,338,495,517,474849028,0,4,0
338815074,1408860294,6,12405,351,238,454,474271191,0,6,0
348755852,1436272819,4,23246,401,332,448,474492884,0,4,0
338750558,1384893294,4,12941,408,339,464,483876933,0,4,0
333773239,1386341724,6,24047,420,357,460,482200928,0,6,0
337552028,1394349689,4,12429,411,427,385,480151625,0,4,0
328709749,1380975307,6,25418,394,347,395,477879077,0,6,0
334700856,1398479637,4,11633,394,281,472,473604268,0,4,0
345476213,1416156705,6,24434,363,295,544,479292236,0,6,0
346072723,1419723691,4,10662,343,343,470,478109189,0,4,0
671191896,1431964264,4,12497,267,269,382,330856649,0,4,0
674031417,2325681159,6,20964,258,256,415,638081196,0,6,0
737016164,2296056759,4,8950,264,344,423,631527365,0,4,0
677499134,2322713405,6,22077,272,489,392,636459897,0,6,0
677525740,2320040263,4,8550,315,282,385,636170940,0,4,0
676860516,2309483520,4,21540,277,333,392,632294735,0,4,0
681088673,2293783683,6,9345,260,250,398,626790757,0,6,0
683030739,2282375688,4,21106,280,388,389,623073861,0,4,0
679661201,2326653252,6,8859,321,298,405,639179502,0,6,0
673481051,2281336137,4,19802,258,229,400,622782275,0,4,0
672319361,2338063392,4,8382,319,298,458,642142111,0,4,0
669670974,2344221660,6,20638,332,472,383,643801656,0,6,0
671062114,2334292225,4,8849,337,460,316,642810360,0,4,0
672469854,2324260792,6,21052,331,298,324,642198272,0,6,0
674533323,2324282072,4,7936,295,325,314,640364756,0,4,0
677524814,2323039251,4,21865,259,311,317,636929925,0,4,0
677569220,2323601710,6,8508,255,309,325,637169417,0,6,0
677515068,2268009349,4,8652,260,303,391,617951396,0,4,0
687428322,2268426517,6,21443,293,236,391,618152079,0,6,0
677565390,2311515197,4,8034,268,302,393,632959665,0,4,0
671875960,2296619541,4,21416,276,502,388,627896535,0,4,0
832922353,1401476734,6,8542,334,329,405,320791054,0,6,0
681090574,2285899524,4,20555,282,299,384,624122302,0,4,0
670416646,2342192814,6,8567,343,315,386,643211312,0,6,0
672558725,2337942657,4,20249,332,286,316,642152779,0,4,0
678757222,2325736110,6,9399,325,347,319,638751125,0,6,0
673305456,2335312396,4,20082,319,320,310,641800394,0,4,0
671657036,2323131499,4,9053,325,338,315,642493317,0,4,0
673732634,2323636034,6,20989,314,346,320,640791809,0,6,0
677569587,2323048705,4,8959,258,417,317,636877895,0,4,0
677540723,2323677053,6,21954,250,246,325,637113964,0,6,0
677507251,2268746708,4,8162,251,297,377,618315085,0,4,0
677572462,2266845716,4,21183,260,372,392,617302505,0,4,0
670126568,2300856544,6,8598,262,309,387,628586274,0,6,0
826062579,1409302264,4,9030,343,323,383,322639784,0,4,0
836392095,1409446573,6,21595,421,268,354,322647774,0,6,0
836846433,1384601131,4,8290,392,366,293,322312096,0,4,0
841244076,1387649119,4,21318,408,470,306,317134318,0,4,0
850581372,1402214051,6,9667,428,442,297,322110462,0,6,0
842599680,1389892715,4,21455,404,310,295,316771475,0,4,0
842039637,1388837891,6,9481,420,336,319,316377853,0,6,0
846451081,1393936242,4,20316,372,272,345,318570270,0,4,0
677576712,2268213482,4,8894,252,255,379,618061374,0,4,0
677506623,2270165145,6,20697,250,289,393,619060857,0,6,0
677539438,2322461001,4,8610,255,335,509,636795467,0,4,0
677527311,2310159452,6,21294,262,422,411,632826314,0,6,0
668983293,2296071123,4,8452,252,375,397,627047699,0,4,0
827320186,1408623391,6,21119,327,354,427,322424177,0,6,0
837666283,1408136499,4,8944,393,310,358,322296346,0,4,0
839390390,1393846870,4,21454,395,367,295,321841087,0,4,0
843551565,1391898351,6,8567,409,263,297,320743673,0,6,0
842690778,1390394580,4,9159,400,385,406,318952109,0,4,0
876488255,1395219764,6,22110,442,263,336,313863849,0,6,0
865451874,1396886060,4,8814,387,411,381,324713116,0,4,0
849432054,1401168367,4,21457,403,480,309,321428251,0,4,0
842592261,1390118370,6,8574,398,301,303,316797789,0,6,0
842070311,1389373348,4,21631,395,296,333,316506005,0,4,0
846852283,1389171909,6,9013,435,430,351,316282510,0,6,0
677503790,2271063963,4,20644,252,423,403,619255599,0,4,0
677569781,2270237950,4,8679,248,263,402,618859404,0,4,0
677530701,2318701851,6,20768,258,304,388,635598693,0,6,0
677537982,2314532408,4,9128,265,322,372,635088449,0,4,0
676883047,2315390428,6,20668,281,549,384,633994576,0,6,0
826808363,1409460200,4,8691,336,321,438,322479222,0,4,0
837116938,1408779862,4,21693,463,337,345,322452894,0,4,0
836492437,1407283778,6,8719,407,257,291,322584556,0,6,0
839176158,1384743310,4,21794,407,315,299,321998718,0,4,0
841274118,1387732694,6,8142,409,291,301,317445485,0,6,0
841717153,1389030483,4,9059,407,348,305,316320382,0,4,0
845987997,1387678639,4,21310,380,299,393,315690259,0,4,0
677574817,2269675654,6,8441,247,353,460,618502419,0,6,0
677535418,2322100899,4,21248,256,388,393,635912874,0,4,0
668859787,2296087362,6,7734,254,336,402,627008926,0,6,0
826813382,1409285625,4,21023,323,276,386,322606814,0,4,0
843762593,1400601073,6,8592,389,353,366,320624560,0,6,0
841063744,1404388684,4,20992,389,343,305,321480811,0,4,0
842352741,1396891740,4,9276,447,323,303,321117676,0,4,0
841964164,1389238218,6,20730,416,312,314,321189932,0,6,0
840617976,1386947490,4,9304,409,285,298,318303754,0,4,0
840127049,1385200861,6,22388,415,594,330,314670288,0,6,0
677514905,2265523529,4,8704,249,248,378,616383630,0,4,0
676982112,2318159357,4,21244,251,246,384,634600455,0,4,0
826915752,1409161337,6,8470,379,614,518,322612178,0,6,0
839422958,1406486106,4,21880,499,647,502,321925711,0,4,0
844870984,1399832198,6,8347,441,284,411,320480586,0,6,0
836484435,1407992867,4,8298,398,296,345,322425863,0,4,0
837034091,1382013522,4,21756,401,283,302,322455654,0,4,0
837065180,1381341386,6,8712,409,354,311,312943195,0,6,0
846788122,1389391082,4,22056,390,416,317,316489458,0,4,0
677545674,2269389586,6,8803,274,290,377,618400122,0,6,0
677527773,2323085615,4,21349,266,327,384,636801095,0,4,0
677562047,2310803223,4,8506,265,314,392,633352108,0,4,0
671869905,2303142693,6,20548,254,458,404,629612679,0,6,0
827449410,1408493217,4,9080,329,305,382,322391327,0,4,0
845500635,1398995051,6,20316,394,448,415,320195163,0,6,0
835683102,1410525457,4,8379,382,420,361,322897647,0,4,0
838853130,1391275168,6,21316,390,445,333,322116255,0,6,0
841591333,1388644302,4,8945,378,293,296,320331209,0,4,0
842035023,1390057949,4,21584,400,313,306,316728927,0,4,0
842579188,1389042869,6,8293,376,277,344,316282245,0,6,0
677568989,2268798193,4,20980,244,316,399,618215225,0,4,0
677535915,2273184885,6,9077,249,262,374,620342722,0,6,0
677544660,2268790850,4,8379,251,244,376,618154982,0,4,0
677471059,2313931371,4,21303,267,298,382,633707593,0,4,0
671573421,2297432203,6,8332,263,419,393,627930563,0,6,0
831835837,1403492706,4,21182,332,421,383,321298961,0,4,0
841796946,1403249571,6,8540,405,295,382,321204186,0,6,0
842371400,1403039864,4,20541,400,335,364,321161862,0,4,0
841935624,1403140436,4,9046,406,305,314,321153719,0,4,0
842459807,1402741784,6,20871,408,369,321,321108638,0,6,0
842365200,1390561033,4,8932,385,366,302,321053528,0,4,0
842748867,1390729582,6,21028,395,336,311,321009811,0,6,0
841695238,1388778118,4,9203,395,295,299,317842650,0,4,0
840563726,1387153852,4,21786,400,531,317,315471334,0,4,0
846737050,1389699849,6,8479,383,268,332,316526721,0,6,0
677503516,2271179873,4,21702,253,316,376,619274954,0,4,0
677550431,2269881894,6,9010,244,388,371,618643851,0,6,0
677530548,2317427285,4,21124,264,318,385,635293248,0,4,0
670358893,2302629810,4,8653,266,308,376,629112488,0,4,0
827154785,1408831513,6,9330,337,292,397,322487631,0,6,0
838212200,1407643333,4,22038,408,310,340,322315454,0,4,0
837684397,1395350652,6,8722,419,425,303,322287447,0,6,0
842182147,1389857029,4,21328,413,420,312,321165179,0,4,0
842092619,1389718949,6,9058,418,290,299,317404815,0,6,0
843511821,1391850732,4,21685,410,298,310,317506990,0,4,0
844144271,1390779255,4,9373,383,267,331,317061542,0,4,0
677579231,2271077937,6,20011,248,303,405,619251767,0,6,0
677551425,2276010721,4,8413,248,268,384,621684762,0,4,0
677498960,2271355534,6,21021,262,254,400,619335512,0,6,0
677538607,2270475195,4,9176,247,352,368,619016887,0,4,0
729302057,2346548302,4,22804,309,511,378,640955960,0,4,0
674409436,2332399983,6,8235,322,369,306,641365639,0,6,0
675015880,2327369229,4,21831,323,340,311,641141688,0,4,0
674254927,2326211372,6,8284,318,296,311,641422835,0,6,0
674011177,2326262919,4,21616,294,295,305,641634931,0,4,0
677443468,2324353408,4,8887,289,315,286,637337059,0,4,0
677528854,2324960595,6,9433,266,246,315,637641110,0,6,0
677570943,2276191024,4,21369,258,404,352,621855103,0,4,0
677553813,2325429150,6,8685,282,489,321,637810882,0,6,0
677550192,2270390515,4,21011,268,370,396,618863518,0,4,0
677566588,2273863032,4,8266,256,232,390,620761101,0,4,0
687457137,2270130597,6,21587,261,288,402,618850715,0,6,0
677531288,2321946553,4,8635,255,278,393,636555901,0,4,0
676826709,2309343041,6,20792,253,304,397,632299256,0,6,0
830488418,1405016996,4,8814,305,273,392,321566799,0,4,0
680824170,2287439751,6,21011,272,322,396,624429114,0,6,0
671843170,2340263630,4,8481,318,394,388,642728837,0,4,0
671775298,2340493456,4,21604,313,391,354,642910864,0,4,0
671918328,2338851244,6,8677,349,452,297,642704971,0,6,0
671497106,2324303350,4,21778,343,293,305,643035502,0,4,0
673800826,2324400234,6,8633,322,327,301,640898566,0,6,0
677566981,2323512713,4,21288,270,290,308,636864633,0,4,0
677538204,2320246857,4,9621,271,269,329,635156658,0,4,0
677544518,2265863420,6,8271,259,275,394,616621913,0,6,0
667413519,2294190337,4,21443,289,322,378,626333057,0,4,0
666709396,2350217384,6,8223,311,469,358,645521388,0,6,0
667129440,2346842891,4,21587,337,385,321,645529009,0,4,0
668691299,2320257820,4,8773,308,284,297,643713542,0,4,0
677538348,2320877089,6,21221,260,333,323,635455947,0,6,0
677575803,2265596441,4,8691,266,290,385,616313648,0,4,0
677563054,2324876954,6,21339,283,405,400,638487283,0,6,0
677492393,2323844551,4,8591,272,397,509,637209618,0,4,0
675564151,2309689253,4,21038,268,295,406,632109982,0,4,0
833396262,1401471042,6,8861,329,427,418,320784054,0,6,0
680927997,2287111556,4,21091,264,403,405,624377935,0,4,0
672891778,2338148278,6,8156,326,326,418,642117569,0,6,0
671630027,2341007387,4,20635,324,290,361,642949628,0,4,0
671670712,2340509233,4,8435,392,372,373,642776109,0,4,0
673055351,2331982245,6,21174,338,325,336,642267765,0,6,0
672609840,2324962209,4,9269,325,327,301,642307383,0,4,0
680956922,2331470139,6,8883,363,319,304,637769484,0,6,0
672538101,2325423578,4,21790,336,339,292,642477677,0,4,0
675851626,2324185723,6,8798,320,539,317,638737223,0,6,0
677528813,2327597479,4,21566,262,283,310,638760036,0,4,0
677541516,2324139677,4,9016,265,317,348,637138087,0,4,0
677549905,2270676973,6,20608,253,326,402,618857445,0,6,0
677562439,2269906955,4,8965,252,262,394,618709722,0,4,0
677568996,2322944279,6,20369,262,316,421,637022152,0,6,0
672546890,2307905049,4,8349,268,363,404,631096659,0,4,0
826922749,1409229406,4,21576,336,391,399,322654112,0,4,0
837693665,1408235374,6,7979,411,451,435,322404540,0,6,0
840570606,1404080151,4,21533,399,377,328,321669401,0,4,0
841128767,1387780487,6,8197,396,296,319,321342628,0,6,0
844709219,1394000885,4,21416,395,274,301,320432822,0,4,0
841355602,1388259762,4,9643,404,298,290,317846958,0,4,0
842979989,1391234323,6,21623,418,318,304,317186465,0,6,0
844347299,1391929819,4,9260,433,295,373,317559678,0,4,0
677473818,2274164191,6,8585,273,312,378,620703154,0,6,0
677537739,2270793991,4,21513,260,286,391,619053208,0,4,0
677555497,2266668999,4,8668,265,494,396,617065308,0,4,0
677534514,2316546413,6,21136,259,295,411,635039728,0,6,0
677251135,2308810999,4,9006,252,281,395,632143230,0,4,0
831023692,1404631855,6,20950,323,565,552,321472387,0,6,0
689005933,2286262945,4,8991,322,756,533,625179673,0,4,0
831338295,1404182555,6,21166,392,346,406,321402058,0,6,0
683465667,2281789378,4,8781,262,330,374,622879616,0,4,0
673773599,2336793922,4,21741,334,325,396,641803680,0,4,0
671780080,2340180409,6,8374,344,431,356,642660288,0,6,0
671466923,2341334635,4,21924,336,345,300,643087229,0,4,0
673731037,2328658482,6,8431,336,288,293,641654393,0,6,0
674601050,2327141641,4,22407,340,300,304,641358005,0,4,0
673434882,2325701875,4,8982,337,397,315,641911248,0,4,0
676929024,2326120029,6,20931,304,358,307,638713281,0,6,0
677536912,2327732488,4,9346,243,297,294,639128715,0,4,0
677504945,2321266257,6,8549,254,364,349,635853653,0,6,0
677571815,2266266233,4,21258,247,354,388,616772386,0,4,0
677528545,2317874012,4,8879,255,437,398,635874799,0,4,0
673259516,2310491915,6,21535,257,335,384,631996352,0,6,0
827269063,1409082324,4,9510,342,270,393,322483008,0,4,0
837591238,1409009739,6,20749,406,299,347,322419080,0,6,0
837420909,1402078052,4,8957,413,259,351,322509889,0,4,0
840776914,1387789175,4,21977,413,388,307,321576054,0,4,0
843004365,1390782484,6,9880,428,285,299,318555264,0,6,0
849397097,1401392485,4,22508,424,295,301,321378183,0,4,0
842603603,1390006747,6,8828,428,426,317,317051505,0,6,0
842353400,1390241351,4,21992,417,270,315,316738231,0,4,0
845413259,1386720651,4,8658,449,274,402,315427430,0,4,0
677513411,2270152413,6,21690,254,299,412,618840824,0,6,0
677574260,2270358157,4,8615,253,239,400,618929642,0,4,0
677564427,2316535332,6,20943,255,321,419,634872404,0,6,0
675922782,2305415646,4,8547,257,255,392,630911316,0,4,0
831179753,1403682768,6,8528,310,327,404,321243444,0,6,0
682668461,2283996748,4,21372,268,437,397,623507837,0,4,0
673667032,2336179317,4,9083,321,370,394,641705983,0,4,0
672900098,2338655173,6,20886,347,392,370,642272715,0,6,0
674151088,2335725329,4,9598,332,352,295,641502361,0,4,0
672621733,2339009084,6,21339,349,335,304,642322181,0,6,0
671869589,2329115285,4,8963,341,281,305,642658933,0,4,0
672247721,2325091472,4,21990,331,323,313,642609956,0,4,0
676569698,2324609355,6,8787,329,274,330,638405365,0,6,0
677544070,2326860159,4,23346,253,307,310,638416770,0,4,0
677551022,2322369912,6,8437,260,605,439,636300435,0,6,0
677574814,2267890583,4,21825,324,441,452,617624552,0,4,0
677561846,2317174909,4,8601,266,298,412,634973121,0,4,0
675211859,2304325703,6,22107,335,630,414,630551864,0,6,0
831040261,1404588863,4,9011,313,241,418,321540407,0,4,0
690362311,2282079708,6,20941,265,402,417,623812506,0,6,0
831762775,1403267052,4,10189,347,358,382,321268407,0,4,0
841712700,1403088275,4,9144,384,319,388,321186582,0,4,0
842523750,1403009230,6,21448,431,482,405,321102758,0,6,0
842674686,1402261128,4,9106,412,372,358,320965028,0,4,0
842610866,1402743811,6,21311,421,312,326,321050119,0,6,0
842381105,1395702618,4,9270,409,287,315,321045163,0,4,0
846484521,1397003842,6,21642,402,374,332,320114250,0,6,0
842262648,1389910869,4,9219,403,293,314,321151665,0,4,0
842109765,1390059156,4,21905,395,371,317,319259573,0,4,0
842111864,1389468147,6,8578,416,356,314,316458037,0,6,0
844102702,1393078157,4,22234,400,342,305,317978332,0,4,0
846257331,1389421000,6,9261,419,415,336,316564355,0,6,0
677526325,2270534675,4,21703,270,385,386,618865197,0,4,0
677506489,2270616575,4,8801,262,268,384,619063730,0,4,0
677529679,2319472682,6,22083,268,584,394,635809917,0,6,0
677523216,2309224041,4,9648,269,321,384,632397215,0,4,0
677542194,2304200548,6,20561,282,274,415,631129420,0,6,0
673380866,2300149901,4,8471,261,324,386,629058632,0,4,0
832148366,1403135446,4,8767,317,345,398,321181792,0,4,0
684650234,2280100613,6,21842,279,475,440,622422943,0,6,0
674229389,2335493563,4,9233,329,374,403,641422549,0,4,0
731918735,2336756838,6,21434,326,421,453,645593811,0,6,0
677508533,2272504010,4,8497,268,310,404,620037655,0,4,0
677570420,2269849483,4,21109,254,289,392,618555328,0,4,0
676792001,2309935530,6,8702,265,324,417,632338237,0,6,0
832018179,1403435317,4,22123,316,315,401,321181462,0,4,0
683334343,2283212569,6,7950,247,294,424,623328349,0,6,0
831479862,1403561883,4,21641,451,420,403,321252508,0,4,0
837412548,1408629242,4,8691,408,385,376,322398803,0,4,0
840936563,1403574876,6,21781,423,342,321,321520837,0,6,0
841795230,1389107756,4,9603,417,308,307,321217498,0,4,0
842333663,1389917155,6,21482,430,265,308,321131600,0,6,0
849483560,1400935871,4,9941,526,374,307,319092536,0,4,0
842191958,1389982662,6,22050,435,314,419,319411185,0,6,0
842092108,1389610668,4,9690,411,343,311,316524509,0,4,0
843364520,1388891324,4,8949,383,280,343,316186527,0,4,0
677528830,2270284347,6,21197,263,458,429,618864999,0,6,0
677578358,2265826268,4,8894,260,248,405,616742680,0,4,0
677403696,2309915940,6,21175,264,314,405,632486429,0,6,0
832428898,1402816263,4,8694,318,304,394,321097049,0,4,0
682181715,2285619484,4,21365,302,274,456,623979384,0,4,0
831999452,1402850469,6,8880,335,349,437,321065447,0,6,0
849615871,1394495072,4,21703,414,332,392,319190920,0,4,0
840999856,1404191409,6,9091,427,285,388,321446024,0,6,0
841077189,1404731117,4,21958,406,340,352,321547560,0,4,0
841411421,1403817834,4,9363,412,414,362,321366304,0,4,0
842945900,1394974219,6,22461,479,296,304,320985683,0,6,0
841896624,1389283618,4,9745,416,311,317,321193192,0,4,0
842765361,1390937745,6,21201,430,362,319,319438505,0,6,0
842255012,1389682956,4,9311,408,300,310,316641521,0,4,0
843126359,1390167798,4,21242,371,287,348,316761804,0,4,0
677539618,2270059087,6,9009,303,291,416,618802779,0,6,0
677520921,2276660894,4,8905,252,270,455,622029450,0,4,0
677514428,2270431428,6,21872,256,494,391,618812514,0,6,0
677583426,2269904291,4,8821,252,284,391,618719853,0,4,0
677526749,2321821500,6,21465,286,315,394,637011152,0,6,0
673231725,2309475829,4,9634,273,323,378,631572079,0,4,0
826677668,1410033690,4,22082,400,237,384,322633471,0,4,0
837358555,1408699692,6,8256,412,309,368,322422862,0,6,0
843112508,1402025776,4,22183,463,301,363,320968271,0,4,0
842880799,1397222109,6,9578,424,329,300,320907954,0,6,0
842869502,1390910279,4,22060,411,422,307,320989980,0,4,0
847805305,1398630481,4,9297,406,430,316,319626936,0,4,0
840494596,1387156957,6,21661,416,307,320,320723361,0,6,0
837884012,1382279708,4,9454,375,302,340,313395822,0,4,0
677549720,2272746966,6,21490,322,636,451,620134823,0,6,0
677549444,2269575684,4,8709,266,755,516,618565114,0,4,0
677552193,2270889128,4,21315,293,336,411,619072327,0,4,0
677562929,2324447026,6,9066,258,313,399,637820645,0,6,0
677564310,2317473338,4,9681,272,443,380,635161744,0,4,0
676449670,2307358696,6,21732,289,412,385,631620647,0,6,0
845876630,1412194213,4,8288,354,368,377,328714368,0,4,0
888677097,1378254623,4,22215,400,332,359,309938277,0,4,0
676935137,2306645899,6,9180,268,270,417,631542982,0,6,0
830937774,1404732771,4,22356,431,789,510,321456423,0,4,0
683669993,2281578320,6,7796,268,354,457,622808949,0,6,0
675027443,2334373053,4,21546,346,427,413,641069163,0,4,0
673798878,2336327633,4,8243,334,410,402,641637926,0,4,0
673433328,2337784934,6,21730,340,520,369,642087535,0,6,0
667527944,2348763307,4,8832,333,281,318,645048198,0,4,0
677504333,2322437652,6,21823,318,398,304,636264738,0,6,0
677531916,2321400693,4,9107,242,367,321,635838917,0,4,0
677528862,2271219806,6,21493,248,219,379,619225076,0,6,0
675861599,2315746597,4,8436,266,306,433,633804994,0,4,0
828296850,1407557013,4,22047,341,301,382,322142723,0,4,0
851424295,1391942074,6,8525,382,300,410,318590747,0,6,0
681905715,2285313231,4,21806,273,371,374,623971974,0,4,0
667846223,2348304511,6,7897,329,362,374,644803316,0,6,0
667490269,2347144170,4,8935,324,327,301,645180201,0,4,0
668197766,2322090081,4,21567,386,361,357,644798002,0,4,0
677251540,2320369517,6,8571,319,341,332,635551733,0,6,0
677569677,2266334477,4,21732,257,258,348,616775604,0,4,0
677572882,2269962233,6,8132,284,341,395,618677062,0,6,0
672622478,2307738077,4,21483,271,310,396,631046315,0,4,0
826566285,1409517861,4,8283,349,336,399,322644768,0,4,0
837536469,1408160277,6,21409,413,449,387,322350509,0,6,0
836480857,1396434716,4,9253,401,268,306,322657819,0,4,0
840238310,1387092785,6,21033,427,329,326,320445858,0,6,0
852449077,1405774135,4,9410,393,351,298,319514163,0,4,0
841462403,1388600317,4,21327,387,293,302,320328369,0,4,0
841853402,1388861580,6,8924,408,282,303,316226259,0,6,0
847429090,1397849800,4,22137,402,350,347,320043886,0,4,0
842388405,1389010202,6,8822,392,291,324,316319529,0,6,0
677546412,2270251813,4,9059,266,370,373,618930501,0,4,0
677551443,2265516782,6,21424,268,429,374,616426202,0,6,0
672985744,2306806565,4,8958,271,381,376,630683152,0,4,0
831162951,1404402622,4,22084,353,296,373,321516190,0,4,0
842135699,1403049132,6,8873,406,383,386,321162169,0,6,0
842533452,1402670683,4,21776,396,308,379,321082464,0,4,0
841995902,1403163781,6,7737,408,355,371,321203120,0,6,0
841309119,1403947460,4,22257,417,286,313,321425099,0,4,0
839941315,1387412143,4,9230,382,378,305,321755869,0,4,0
841186225,1388242193,6,21879,405,478,316,319327585,0,6,0
840655422,1387184664,4,9084,392,277,298,315461931,0,4,0
845291258,1389125384,6,21178,372,315,400,316275532,0,6,0
677445358,2269910706,4,9536,250,313,385,618766651,0,4,0
677545041,2269340851,4,21232,253,327,400,618359459,0,4,0
677542948,2315336475,6,8374,250,248,399,634443882,0,6,0
673248387,2303166250,4,21922,262,327,383,629861741,0,4,0
830784543,1404065942,6,9574,335,317,379,321425865,0,6,0
853018319,1390375510,4,8871,377,409,430,318236949,0,4,0
682795295,2287309519,4,21622,257,333,374,624707336,0,4,0
831902974,1403395015,6,8217,344,297,401,321205231,0,6,0
841558109,1403782313,4,22374,405,233,397,321376201,0,4,0
841985506,1403224086,6,8182,391,296,378,321168150,0,6,0
846288939,1398315912,4,22355,391,315,301,320134923,0,4,0
841209177,1403894081,4,8261,391,286,302,321309631,0,4,0
851335330,1392020768,6,23158,419,363,308,318664872,0,6,0
841100026,1400882058,4,9072,403,424,298,321401417,0,4,0
838111606,1383525015,6,22353,418,490,301,322327169,0,6,0
836771960,1380464213,4,9213,371,379,322,312932311,0,4,0
677528966,2265730414,6,21983,282,406,395,616385419,0,6,0
677556588,2321145603,4,9195,270,314,388,635552575,0,4,0
667099345,2295665087,4,22005,287,306,375,626692359,0,4,0
667501013,2348740535,6,9007,343,332,358,645159788,0,6,0
673039795,2338218126,4,22546,345,285,303,642178726,0,4,0
672600045,2338283966,6,8792,340,328,292,642174883,0,6,0
672771398,2326796213,4,9510,334,414,294,642238919,0,4,0
671593302,2324823330,4,22328,315,354,296,642917688,0,4,0
677560514,2324555702,6,8802,269,306,313,637254397,0,6,0
677566043,2325669468,4,22394,265,320,333,637786389,0,4,0
677544644,2270573089,6,7654,244,288,397,619019414,0,6,0
677570716,2278332293,4,21578,259,363,370,622849277,0,4,0
677546402,2325171526,4,8389,249,307,443,637744135,0,4,0
677564315,2270899434,6,21718,257,318,405,619090795,0,6,0
677552169,2269998115,4,8826,251,315,381,618777464,0,4,0
677524346,2318357413,6,22002,294,475,394,635391251,0,6,0
676570177,2306678933,4,9182,273,256,393,631470281,0,4,0
833373766,1401945959,4,21800,347,341,445,320868696,0,4,0
731693318,2311424063,6,9135,264,390,408,636776348,0,6,0
677568400,2326318933,4,22003,305,333,391,638128388,0,4,0
677574765,2271134490,6,8473,250,290,394,619295350,0,6,0
677556323,2279292618,4,22337,262,242,361,623287318,0,4,0
677508848,2326145002,6,8772,282,387,332,638157338,0,6,0
677571100,2269410576,4,22106,280,439,442,618361805,0,4,0
677570151,2272810480,4,8406,270,310,396,620253087,0,4,0
677567030,2270048185,6,8530,263,287,416,618704121,0,6,0
677460600,2314956855,4,21609,255,395,398,634242651,0,4,0
675218866,2303624559,6,7605,253,322,391,630355154,0,6,0
832577914,1402411605,4,22239,310,281,391,321033888,0,4,0
681828772,2285001150,4,8121,265,340,394,623721924,0,4,0
672086426,2340315061,6,22706,431,418,408,642739753,0,6,0
679170517,2325718478,4,8948,320,391,438,638795990,0,4,0
667537080,2349199319,6,21404,338,429,354,645240248,0,6,0
667438692,2334170043,4,8936,324,325,293,645279215,0,4,0
672935482,2324052801,4,21980,315,301,301,641230583,0,4,0
677553068,2325180587,6,9100,260,298,350,637742215,0,6,0
677562387,2325400163,4,22608,261,297,316,637708573,0,4,0
677569424,2276536727,6,8166,278,290,364,622019198,0,6,0
677532575,2325779114,4,21817,315,326,398,637873201,0,4,0
677482523,2269834717,4,7977,251,346,397,618740685,0,4,0
677559909,2270017584,6,21817,257,440,406,618634344,0,6,0
677544006,2316024910,4,8424,258,332,405,634221893,0,4,0
671777972,2297531369,6,7996,260,277,411,628020743,0,6,0
832278740,1403254246,4,22276,334,442,402,321214623,0,4,0
842366608,1402700710,4,8079,405,272,384,321007496,0,4,0
838337184,1407809203,6,22839,616,880,466,322297062,0,6,0
839576542,1404185971,4,8995,439,433,303,321827338,0,4,0
850381887,1394668017,6,23525,517,426,334,318963455,0,6,0
841560634,1397621407,4,9077,411,429,300,321351679,0,4,0
841016197,1388350755,6,22662,439,328,302,321527884,0,6,0
840955132,1387680018,4,8666,403,341,312,317664985,0,4,0
840734138,1386357321,4,22542,393,397,346,315023047,0,4,0
677574470,2269164002,6,8377,255,306,404,618289182,0,6,0
677531093,2269325487,4,21948,253,291,393,618236235,0,4,0
677544200,2319087038,6,7903,261,318,405,636001615,0,6,0
675648029,2310364016,4,21995,264,269,398,632358823,0,4,0
825936685,1410520467,4,8377,337,439,396,322878679,0,4,0
837834213,1408958511,6,22051,424,530,386,322475961,0,6,0
836614752,1403795185,4,9680,401,347,304,322606003,0,4,0
837524683,1382429216,6,8047,398,324,323,321108233,0,6,0
844530400,1393541890,4,22859,413,304,309,318211186,0,4,0
841197334,1388152330,4,8389,400,353,312,315891660,0,4,0
846155338,1389079204,6,22576,406,328,335,316190862,0,6,0
677570032,2267982159,4,9040,253,262,375,617647721,0,4,0
677483722,2321613020,6,22554,292,423,393,636594769,0,6,0
676128878,2308947360,4,9205,262,432,387,632023480,0,4,0
826832168,1409892604,4,21833,350,246,383,322725250,0,4,0
847183075,1397221602,6,8650,415,325,406,319775809,0,6,0
838890492,1406985119,4,22580,410,316,397,322064782,0,4,0
841549748,1403721022,6,8346,413,337,434,321250910,0,6,0
842389952,1403088432,4,22410,404,286,312,321121243,0,4,0
841667349,1392221573,6,8564,394,387,324,321170108,0,6,0
842210950,1389913822,4,23086,415,292,317,321167144,0,4,0
840462049,1386660031,4,8678,398,359,320,316806626,0,4,0
844992497,1393890966,6,8968,421,390,322,318391895,0,6,0
843639283,1390597254,4,22706,374,225,334,316850827,0,4,0
677569341,2270247225,6,7772,263,294,406,618767699,0,6,0
677517298,2271941313,4,22524,258,347,390,619629657,0,4,0
677537649,2269617688,4,8588,264,316,380,618497459,0,4,0
677564665,2314163509,6,22359,275,335,398,633624437,0,6,0
674096414,2299719653,4,8774,271,307,387,629149247,0,4,0
832942204,1402432278,6,22380,348,300,400,320950554,0,6,0
681212558,2286324002,4,8740,283,438,403,624128715,0,4,0
668529429,2347451602,4,21204,335,375,369,644696903,0,4,0
668635619,2343147637,6,8922,353,328,309,644516832,0,6,0
671294837,2324151636,4,22698,344,397,313,643065477,0,4,0
674838727,2325868517,6,7940,293,430,325,640648924,0,6,0
681156931,2333106321,4,22520,277,302,309,638241512,0,4,0
673830674,2325660237,4,7647,301,247,311,641539667,0,4,0
677560224,2326922672,6,22721,274,358,303,638400592,0,6,0
677498758,2325791875,4,9239,245,326,289,637962471,0,4,0
677518658,2325306765,6,9238,276,452,323,637733660,0,6,0
677573639,2271372521,4,22153,266,329,384,619377808,0,4,0
677566472,2270818287,6,8303,286,298,389,619124674,0,6,0
677537328,2268731347,4,22500,261,303,387,617936544,0,4,0
670782605,2302939242,4,8189,268,320,392,629317058,0,4,0
827175762,1408913923,6,21972,332,272,404,322456284,0,6,0
838206398,1407661423,4,8816,404,252,362,322181351,0,4,0
843235011,1401971358,6,22053,419,381,329,320939322,0,6,0
843891484,1396065948,4,9256,406,434,322,320603509,0,4,0
846521302,1396750004,4,22477,400,283,309,320055829,0,4,0
842437120,1389992687,6,9029,408,288,300,321098553,0,6,0
842867177,1391037277,4,23175,399,309,307,320691362,0,4,0
843031706,1390998727,6,8441,407,227,304,317088857,0,6,0
843329321,1391657211,4,22982,405,331,293,317389106,0,4,0
844490069,1390023107,4,8693,382,255,320,316747695,0,4,0
677534259,2269356135,6,22371,265,359,403,618392884,0,6,0
677532852,2265398513,4,9351,267,409,379,616515779,0,4,0
670063937,2300700469,6,9194,281,496,379,628587959,0,6,0
827320837,1408936595,4,22627,343,267,379,322427414,0,4,0
837683701,1408178371,4,8004,402,373,351,322292634,0,4,0
842255851,1400908779,6,23513,422,333,296,321087908,0,6,0
841113035,1387792089,4,9755,411,336,300,321274184,0,4,0
849293097,1401475335,6,22265,416,315,323,319273230,0,6,0
841862945,1389045727,4,9059,393,247,314,321188532,0,4,0
842800287,1391056703,4,21821,403,338,320,318276093,0,4,0
842288394,1389929724,6,9533,412,444,305,316657941,0,6,0
844210584,1388736774,4,22880,424,471,331,316129889,0,4,0
677578100,2268622365,6,8382,256,213,414,617954808,0,6,0
,,,,,,,,,,
avg,,,,,,,,,,
538457609.56,1648658710.17,4.82,16061.60,354.65,350.27,407.87,486048532.80,0.00,4.82,0
min,,,,,,,,,,
327495933,1369127701,4,7605,242,213,286,309938277,0,4,0
max,,,,,,,,,,
888677097,2350217384,6,25737,619,1267,701,645593811,0,6,0
