PERF_COUNT_HW_CPU_CYCLES,PERF_COUNT_HW_INSTRUCTIONS,PERF_COUNT_SW_PAGE_FAULTS,PERF_COUNT_HW_CACHE_L1D_MISS,PERF_COUNT_HW_CACHE_DTLB_MISS,PERF_COUNT_HW_CACHE_MISS,PERF_COUNT_HW_CACHE_DTLB_MISS,PERF_COUNT_HW_CACHE_DTLB_ACCESSES,PERF_COUNT_SW_CPU_MIGRATIONS,PERF_COUNT_SW_PAGE_FAULTS_MIN,PERF_COUNT_SW_PAGE_FAULTS_MAJ,
42957128,185794870,0,16040,127,187,99,38606513,0,0,0,
36787624,168830466,0,15923,121,78,123,47178249,0,0,0,
34905267,148127217,0,18012,98,93,118,44307268,0,0,0,
37412492,159157073,0,18694,51,60,112,46020836,0,0,0,
38291159,162695913,0,23048,51,83,114,50136158,0,0,0,
45629483,183398855,0,19817,59,14,107,51101699,0,0,0,
42266330,173439705,0,17047,62,37,84,51561015,0,0,0,
41938155,172459439,0,15875,59,102,40,51497935,0,0,0,
41162021,171088499,0,17559,60,135,40,50923715,0,0,0,
40695181,169841698,0,17812,59,111,40,50610476,0,0,0,
38233841,164520043,0,19423,60,112,40,48832867,0,0,0,
37799393,163442921,0,22449,72,175,51,48551597,0,0,0,
38220496,164382301,0,21984,60,98,41,48904980,0,0,0,
38291417,164462576,0,21511,60,51,41,48864013,0,0,0,
38274487,164319129,0,20747,60,19,41,48891115,0,0,0,
38196988,163944473,0,20003,60,53,41,48823396,0,0,0,
38331560,164527927,0,19846,60,44,66,48855691,0,0,0,
39657125,168282823,0,17702,62,29,67,48808849,0,0,0,
40993239,172182779,0,14643,61,62,112,48861333,0,0,0,
42424908,176078002,0,17832,86,83,114,48625932,0,0,0,
44096020,181108942,0,17632,62,44,112,48632841,0,0,0,
46178180,187152377,0,17937,62,23,119,48483695,0,0,0,
48226295,192761895,0,17107,62,0,109,48545372,0,0,0,
39886895,169221116,0,23220,51,57,112,48218532,0,0,0,
39886800,169572999,0,17801,52,25,111,46441856,0,0,0,
39887068,169492330,0,18572,51,21,111,44686876,0,0,0,
39726756,169031751,0,20690,50,53,112,42985514,0,0,0,
39887554,168824291,0,23563,75,38,116,41956252,0,0,0,
49728630,197373572,0,19999,112,21,113,41964398,0,0,0,
49767469,197135660,0,19498,112,18,114,41809996,0,0,0,
49686025,197123827,0,19279,113,44,113,41810886,0,0,0,
49606562,197119023,0,23817,113,22,115,41679927,0,0,0,
49683840,197246422,0,24681,114,24,114,41796055,0,0,0,
49686610,197424411,0,22816,114,22,112,41841028,0,0,0,
39715881,169221390,0,17817,116,27,118,50207413,0,0,0,
39764874,169295907,3,17628,295,272,297,50207977,0,3,0,
39721445,169045220,0,17380,116,55,116,50053103,0,0,0,
39758969,169332383,0,15807,121,25,120,50165702,0,0,0,
39883553,169554773,0,18512,117,37,117,50344429,0,0,0,
39801983,165054418,0,16624,125,54,125,50284270,0,0,0,
39802544,163524823,0,17951,120,31,119,50254304,0,0,0,
39802391,163719545,0,16857,120,78,120,50283325,0,0,0,
39802421,163648580,0,15394,121,23,119,50191961,0,0,0,
39841681,163579340,0,16803,121,48,119,50233751,0,0,0,
38738853,163315860,0,14887,117,36,80,50326924,0,0,0,
37856988,163272261,0,18429,118,60,40,50330585,0,0,0,
37869284,163584357,0,18766,120,17,42,50334203,0,0,0,
37673991,162992498,0,14580,120,62,42,50359956,0,0,0,
37582549,163025702,0,14579,118,65,42,50374299,0,0,0,
37656743,163174349,0,13721,93,30,41,49663298,0,0,0,
37686682,163191181,0,15552,64,36,53,48596514,0,0,0,
37650684,162847927,0,17764,61,25,40,48522178,0,0,0,
37735322,163285524,0,17026,63,68,40,48606031,0,0,0,
37701221,163194280,0,16431,61,24,41,48447138,0,0,0,
38662157,165661776,0,15333,62,30,66,48574389,0,0,0,
40550966,171112787,0,16483,81,80,113,48601439,0,0,0,
42595701,176747122,0,20850,61,33,110,48492191,0,0,0,
44603721,182762638,0,17572,61,44,111,48398520,0,0,0,
46592191,188168624,0,16986,61,0,111,48607476,0,0,0,
48171560,192581990,0,17070,61,46,108,48764503,0,0,0,
39764574,168623705,0,18448,57,94,115,48708359,0,0,0,
39644258,168415963,0,17459,50,147,112,47516183,0,0,0,
39806231,169013980,0,22219,51,33,112,46198862,0,0,0,
39856501,169257879,0,22305,52,65,114,44552034,0,0,0,
39886831,169262692,0,24322,54,50,113,42968588,0,0,0,
39845933,169181065,0,23669,70,2,111,41966110,0,0,0,
49604828,197095318,0,22510,112,44,115,41819713,0,0,0,
49816644,197255828,0,23460,116,31,116,41940444,0,0,0,
49850003,197849496,0,22880,113,40,115,41873461,0,0,0,
49606024,197177724,0,23556,115,20,116,41797880,0,0,0,
49726895,197121765,0,25342,113,51,115,41868028,0,0,0,
49730078,197454250,3,22014,291,72,122,41971582,0,3,0,
39841524,169638694,0,17498,122,20,122,50213831,0,0,0,
39802900,169536318,0,15598,119,35,115,50181799,0,0,0,
39761814,169432827,0,16965,118,42,117,50283640,0,0,0,
39806089,169621428,0,16996,115,44,115,50282355,0,0,0,
39805048,166515917,0,15488,114,47,114,50270159,0,0,0,
39841792,163534997,0,17001,118,9,119,50311362,0,0,0,
39881458,163090445,0,15278,118,92,118,50393963,0,0,0,
39883317,163637328,0,16384,117,54,120,50375494,0,0,0,
39882082,163404964,0,16920,118,32,115,50311434,0,0,0,
38734459,163280832,0,14277,116,74,80,50331771,0,0,0,
37747101,163511743,0,18517,121,33,42,50261377,0,0,0,
37842703,163526778,0,19193,120,62,42,50380273,0,0,0,
37814877,163593884,0,16364,131,96,50,50368817,0,0,0,
37808796,163435928,0,14010,117,61,40,50294091,0,0,0,
37735802,163417972,0,17993,90,7,40,49759223,0,0,0,
37772242,163437813,0,19181,67,60,47,48679383,0,0,0,
37635342,162879723,0,21742,60,83,40,48602176,0,0,0,
37880917,163477811,0,22099,69,165,43,48774847,0,0,0,
37862996,163387232,0,20860,61,35,40,48675604,0,0,0,
37810890,163213916,0,19783,62,16,67,48557325,0,0,0,
39609801,168397862,0,18774,88,72,72,48630191,0,0,0,
41373836,173338796,0,15745,60,31,111,48724148,0,0,0,
42888656,177356343,0,19257,63,44,112,48621536,0,0,0,
44653190,182601229,0,22013,62,42,111,48558930,0,0,0,
46577114,188307302,0,19652,62,34,108,48442347,0,0,0,
48585953,193998522,0,20213,64,96,108,48543390,0,0,0,
39804040,169022986,0,23103,52,25,111,47956155,0,0,0,
39855160,169248667,0,22413,53,39,114,46273824,0,0,0,
39748497,168783033,0,21747,55,58,114,44656563,0,0,0,
39886727,169537626,0,24265,54,31,113,43033679,0,0,0,
39684998,168767624,0,23511,69,36,110,41741658,0,0,0,
49685541,196843919,0,24913,112,42,113,41809224,0,0,0,
49606356,197117761,0,22800,114,42,115,41732984,0,0,0,
49643166,196930848,0,21545,115,22,114,41739622,0,0,0,
49566809,196639819,0,23486,116,57,115,41724247,0,0,0,
49603872,196951122,0,19754,114,44,114,41732746,0,0,0,
49688821,197247357,0,20005,113,42,113,41788867,0,0,0,
49728202,197281210,0,20323,114,21,112,41815536,0,0,0,
39801839,169019386,0,16602,117,29,117,50141564,0,0,0,
39718220,169087616,0,15283,117,35,115,50147319,0,0,0,
39702266,168882743,0,17249,120,48,117,50137198,0,0,0,
39720499,169264421,0,16475,118,19,117,50244002,0,0,0,
39724103,168863229,0,14664,113,48,112,50229005,0,0,0,
37802002,163309682,0,15276,113,28,80,50276519,0,0,0,
37826809,163613640,0,20350,119,38,42,50202702,0,0,0,
37880254,163736139,0,18451,118,0,40,50214551,0,0,0,
38109244,163988630,3,15708,291,79,41,50151695,0,3,0,
37838210,163347773,0,17667,129,10,43,50366108,0,0,0,
37754361,163201272,0,16930,96,31,42,49656980,0,0,0,
38099921,164115879,0,20136,63,20,40,48707325,0,0,0,
38219963,164325033,0,22184,63,51,41,48820398,0,0,0,
38147542,163961116,0,21846,60,24,40,48827883,0,0,0,
37706586,163042160,0,20911,64,13,41,48605251,0,0,0,
37798448,163248212,0,16231,64,39,42,48646251,0,0,0,
38404274,165085648,0,15393,62,17,65,48845716,0,0,0,
39972619,169375675,0,15821,63,60,111,48744746,0,0,0,
41323950,173279371,0,17138,66,21,112,48762854,0,0,0,
42745970,177015005,0,18847,62,39,114,48781294,0,0,0,
44242648,181422713,0,17257,74,54,123,48761602,0,0,0,
45734452,185943292,0,18131,65,3,112,48604746,0,0,0,
47519634,191052814,0,17008,61,40,111,48521568,0,0,0,
49474862,196609555,0,16434,63,43,109,48525226,0,0,0,
39728152,168694645,0,20397,55,63,116,47297134,0,0,0,
39724121,168724192,0,17981,52,20,112,46054672,0,0,0,
39724976,168569126,0,19019,55,23,115,44762268,0,0,0,
39724305,168500636,0,23871,52,45,114,43637190,0,0,0,
39724520,168672328,0,22319,127,136,188,42395326,0,0,0,
39805624,169389446,0,18920,68,20,109,41723901,0,0,0,
49764058,197374253,0,22476,116,20,116,41883787,0,0,0,
49688232,196906914,0,22465,117,35,117,41764208,0,0,0,
49605151,196674028,0,22286,115,22,117,41674573,0,0,0,
49647717,196967126,0,19153,117,48,116,41824801,0,0,0,
49606949,197102890,0,21594,113,47,115,41714267,0,0,0,
49609186,196688831,0,24743,112,59,112,41618931,0,0,0,
39599888,168589098,0,21864,117,14,117,50013508,0,0,0,
39718752,168895933,0,17077,119,34,118,50041081,0,0,0,
39721810,169158392,0,15961,117,45,174,50133625,0,0,0,
39798072,168968276,0,14769,118,32,118,50066641,0,0,0,
39649245,168765466,0,15484,117,20,114,49963625,0,0,0,
39596441,168891042,0,15947,115,46,115,50082443,0,0,0,
39641874,166849005,0,15718,113,57,113,50083246,0,0,0,
39718039,163659120,0,18728,115,31,115,50191524,0,0,0,
39641699,164192034,0,16551,119,51,118,50161420,0,0,0,
39684040,164361517,0,14509,120,79,120,50124264,0,0,0,
39782738,163619863,0,15574,120,93,119,50204925,0,0,0,
39722187,163156116,0,17548,120,43,117,50341481,0,0,0,
38732703,163616417,0,16876,114,42,80,50175885,0,0,0,
38130291,164135703,0,19128,126,66,47,50113957,0,0,0,
38152410,164240377,0,16819,117,44,40,50089661,0,0,0,
37994435,163958354,0,16501,120,10,40,50140015,0,0,0,
37857696,163760049,0,14465,119,54,41,50214203,0,0,0,
37773492,163262138,0,17165,120,37,41,50277314,0,0,0,
38056271,164116227,0,18111,91,20,40,49847833,0,0,0,
38100409,164247298,0,15881,63,61,40,48894704,0,0,0,
38041896,164184743,0,17169,61,31,40,48769926,0,0,0,
38208166,164166862,0,17755,60,43,40,48912869,0,0,0,
38079623,163773837,0,19831,62,17,40,48806587,0,0,0,
38036993,163811506,0,20007,64,20,42,48839957,0,0,0,
37983708,163514766,0,15786,60,55,40,48683256,0,0,0,
39015525,166653565,0,16221,62,19,66,48708768,0,0,0,
40792424,171634815,0,20413,62,41,109,48715707,0,0,0,
42485652,176559792,0,21221,62,28,110,48640081,0,0,0,
44262828,181336322,0,22442,62,50,112,48786838,0,0,0,
45583202,185235110,0,17384,61,53,110,48777666,0,0,0,
46983691,188955226,0,19709,63,24,111,48805351,0,0,0,
48376182,193253971,0,20616,62,17,107,48751768,0,0,0,
39806049,169014517,0,23097,52,25,112,48311913,0,0,0,
39724618,168873270,0,22397,54,31,114,46942834,0,0,0,
39763204,168694864,3,23438,227,13,138,45551485,0,3,0,
39728837,168541098,0,18230,54,53,113,44109022,0,0,0,
39685269,168569060,0,20495,52,50,113,42837692,0,0,0,
39684652,168445219,0,19510,70,39,110,41683283,0,0,0,
49601579,196571863,0,19667,79,46,114,41728729,0,0,0,
49606301,196658219,0,19008,111,23,115,41688259,0,0,0,
49606764,196734089,0,19339,111,14,111,41720409,0,0,0,
49441610,196529741,0,20773,111,34,112,41664007,0,0,0,
49526050,196640689,0,23137,115,50,112,41721942,0,0,0,
49690431,196954213,0,23551,118,65,117,41743562,0,0,0,
49566797,196896661,0,25399,112,24,113,41729323,0,0,0,
39719349,169226084,0,21267,115,32,117,50122126,0,0,0,
39640554,168864258,0,19814,119,25,118,50049888,0,0,0,
39601526,168572943,0,17430,124,36,123,50057167,0,0,0,
39679670,168591335,0,15886,174,28,175,50066414,0,0,0,
39640162,168855446,0,17180,116,57,126,50061035,0,0,0,
39678977,168745394,0,18235,117,33,117,50015365,0,0,0,
39560314,168254321,0,18815,113,12,113,50060314,0,0,0,
39762302,164255318,0,16769,118,46,118,50168275,0,0,0,
39641627,164263721,0,16357,116,53,117,50058288,0,0,0,
39678125,164203872,0,15452,119,34,118,50097811,0,0,0,
39601224,164367509,0,16646,122,43,119,50074741,0,0,0,
39643559,164118813,0,15575,119,21,119,50098465,0,0,0,
39877713,163702183,0,15566,178,47,177,50314893,0,0,0,
38634827,163894486,0,19294,117,33,81,50261299,0,0,0,
38094914,164408674,0,19749,119,26,41,50194068,0,0,0,
38107701,164009050,0,19942,120,15,41,50122480,0,0,0,
38160156,164191908,0,18436,120,67,41,50149305,0,0,0,
38083846,164176891,0,16859,120,1,41,50155111,0,0,0,
38067984,164346979,0,15848,121,38,40,50156012,0,0,0,
38099936,164206807,0,17999,122,36,41,50153949,0,0,0,
38160922,164286808,0,19367,92,50,42,49180708,0,0,0,
38095232,164106891,0,21006,63,30,41,48809659,0,0,0,
38114616,164103727,0,22056,60,17,41,48823227,0,0,0,
38165280,164178909,0,18217,66,73,41,48907519,0,0,0,
38196102,164064463,0,21412,61,13,40,48862106,0,0,0,
38191928,164044463,0,19630,62,42,40,48791859,0,0,0,
38185645,164024638,0,19548,62,0,42,48812622,0,0,0,
39164287,167027366,0,19911,61,25,66,48845056,0,0,0,
40600104,170920781,0,13766,61,64,111,48734185,0,0,0,
42074688,175431348,0,16840,61,21,111,48808427,0,0,0,
43582592,179698758,0,17617,62,69,111,48704301,0,0,0,
45063074,183777375,0,17487,65,14,113,48718470,0,0,0,
46585848,188077027,0,19565,61,73,111,48829913,0,0,0,
47997792,191962023,0,20173,62,37,110,48690109,0,0,0,
39729128,168843813,0,20492,70,28,108,41745065,0,0,0,
49609631,196835939,0,22931,113,87,112,41740221,0,0,0,
49645757,196938521,0,23853,115,63,115,41720050,0,0,0,
49602454,196613782,0,21958,112,82,117,41669170,0,0,0,
49644228,197225154,0,18992,113,65,113,41823054,0,0,0,
49687928,197182146,0,23406,116,32,114,41833489,0,0,0,
49605834,196940137,0,24343,110,15,111,41732829,0,0,0,
39697170,168879226,0,20083,118,25,117,50077791,0,0,0,
39599697,168925544,0,16937,116,21,117,50076248,0,0,0,
39801889,169042517,0,16283,116,23,115,50144350,0,0,0,
39720452,168930859,0,18977,116,32,115,50120175,0,0,0,
39724733,168972737,0,16260,117,72,117,50116968,0,0,0,
39711713,168825492,0,17384,118,51,122,49984236,0,0,0,
39761680,166134062,0,18823,113,14,114,50206071,0,0,0,
39601844,164253480,0,19853,118,38,118,49997902,0,0,0,
39718720,164649662,0,19440,117,74,117,50029610,0,0,0,
39685394,164434719,0,15023,118,11,118,50098866,0,0,0,
39724127,164274205,0,13011,117,40,117,50256410,0,0,0,
39639169,164403908,0,15297,120,13,117,50074611,0,0,0,
39639957,164299171,0,17414,118,40,117,50068427,0,0,0,
38412289,164054914,0,18278,116,7,80,50142281,0,0,0,
38144010,164478233,0,19355,118,12,42,50127126,0,0,0,
38123880,164155526,0,20348,120,65,40,50133119,0,0,0,
38120219,164408860,0,15376,119,16,40,50253562,0,0,0,
38100726,164143479,0,14260,121,54,41,50194732,0,0,0,
38111407,164148152,0,14068,120,0,40,50159726,0,0,0,
37929749,163889094,0,14003,118,67,41,50307227,0,0,0,
37789146,163547277,0,18504,91,10,41,48759106,0,0,0,
37824536,163337154,0,21340,60,30,40,48569254,0,0,0,
37854044,163275596,0,22778,63,45,40,48601441,0,0,0,
38079218,163762637,0,20765,63,0,40,48747357,0,0,0,
38099353,163911326,0,17750,65,103,42,48852788,0,0,0,
38196331,164190156,0,20520,61,8,67,48761284,0,0,0,
49669393,196571934,0,19310,61,25,107,48679694,0,0,0,
39688260,168420570,3,21544,230,43,123,47476912,0,3,0,
39723200,168496230,0,22409,52,28,111,46296215,0,0,0,
39645802,168247867,0,20936,51,57,115,45104451,0,0,0,
39726683,169066974,0,18573,51,48,111,43933264,0,0,0,
39686994,168445346,0,20319,50,50,114,42641382,0,0,0,
39647763,168600511,0,20499,69,34,110,41726766,0,0,0,
49565381,196546044,0,24950,113,48,115,41656115,0,0,0,
49522777,196682951,0,18621,112,27,113,41677499,0,0,0,
49605660,196716625,0,23545,114,20,115,41759668,0,0,0,
49606585,196784503,0,22646,116,36,114,41645105,0,0,0,
49616428,197060446,0,23441,115,46,116,41772877,0,0,0,
49688156,197154594,0,24761,115,36,115,41722761,0,0,0,
49605743,196963845,0,24561,110,19,112,41727893,0,0,0,
39640222,168739984,0,21261,118,23,119,50051889,0,0,0,
39639868,168657935,0,19900,115,25,116,50012378,0,0,0,
39714360,168809437,0,15914,117,37,138,49975091,0,0,0,
39722027,169093686,0,16226,116,19,116,50245129,0,0,0,
39718842,169005670,0,17594,116,65,116,50134271,0,0,0,
39723119,169144685,0,15815,116,36,116,50037066,0,0,0,
39682604,165676143,0,16769,115,29,114,50226218,0,0,0,
39640923,164070305,0,17660,116,26,132,50155619,0,0,0,
39880088,163720956,0,20424,260,946,320,50304660,0,0,0,
39520296,164390846,0,15355,136,279,129,50099592,0,0,0,
39720574,164023601,0,13368,124,50,117,50189878,0,0,0,
39643632,165714088,0,14315,128,60,128,49806941,0,0,0,
39635886,164832553,0,19215,222,234,204,50047692,0,0,0,
38991939,164672946,0,18400,118,104,83,50120308,0,0,0,
38133188,164344487,0,18005,123,77,44,50133390,0,0,0,
38295883,164666758,0,20294,120,23,40,50152262,0,0,0,
38264414,164433585,0,18719,120,57,43,50122378,0,0,0,
38010813,164002447,0,18192,119,13,41,50223246,0,0,0,
38270497,164453049,0,13457,119,45,41,50036085,0,0,0,
38215453,164256363,0,17127,122,102,44,50138083,0,0,0,
38104711,164177124,0,18017,91,45,40,49743279,0,0,0,
38165954,164403056,0,15205,62,62,42,48775905,0,0,0,
38145781,164254429,0,16292,61,31,41,48840818,0,0,0,
38189042,164347117,0,17937,60,47,41,48812866,0,0,0,
38101637,163998344,0,21714,117,45,41,48771968,0,0,0,
38137905,164150672,0,21031,60,49,41,48844073,0,0,0,
38197312,164312810,0,20156,62,30,40,48894401,0,0,0,
38373830,164625393,0,18780,59,32,67,48854751,0,0,0,
39774262,168463558,0,20878,72,104,121,48840236,0,0,0,
41097372,172296246,0,18861,62,61,109,48853297,0,0,0,
42339656,175930749,0,21930,69,53,118,48839244,0,0,0,
43595719,179469902,0,21761,63,33,114,48866545,0,0,0,
45015034,183589835,0,22216,61,33,110,48748937,0,0,0,
46405281,187605753,0,21315,61,20,111,48828969,0,0,0,
47686137,191031609,0,17956,62,43,110,48739024,0,0,0,
49158623,195246605,0,16733,62,27,109,48847893,0,0,0,
39885322,169398066,0,18942,53,198,123,47650220,0,0,0,
39600717,168122515,0,18517,54,150,113,46449360,0,0,0,
39556232,168096140,0,18537,52,45,141,45568166,0,0,0,
39609844,168383983,0,20776,80,43,112,44393433,0,0,0,
39725115,168536932,0,18534,53,54,111,43309032,0,0,0,
39729799,168856617,0,20636,50,63,111,41993775,0,0,0,
39725825,168995150,0,20120,68,12,106,41888508,0,0,0,
49365345,195589890,0,23830,112,22,114,41363539,0,0,0,
49273189,195477729,0,22855,117,41,112,41454335,0,0,0,
49486925,196076195,0,20445,111,46,113,41680249,0,0,0,
49566944,196391811,0,19102,111,21,113,41632500,0,0,0,
49481568,196318808,0,18611,111,20,114,41594512,0,0,0,
49404395,195692583,0,22394,114,67,114,41586563,0,0,0,
49521525,196392737,0,22794,114,57,115,41725651,0,0,0,
49525925,196420502,0,23809,113,34,112,41670232,0,0,0,
49530569,196731283,0,20148,113,70,119,41606518,0,0,0,
49563105,197085537,0,21047,111,26,112,41739466,0,0,0,
39681332,168788496,0,19646,114,25,116,49995621,0,0,0,
39683849,168891301,0,17449,199,88,129,50056599,0,0,0,
39719081,169127235,0,15309,116,104,120,50070398,0,0,0,
39722662,168986573,0,14515,133,157,134,50094143,0,0,0,
39721090,169351116,0,16260,117,43,117,50172238,0,0,0,
39683494,168475908,0,17946,116,68,116,50129654,0,0,0,
39720806,164519464,0,19003,115,54,117,50153148,0,0,0,
39763124,164017951,0,18781,117,46,117,50282502,0,0,0,
39638769,164067825,0,14821,116,34,116,50059091,0,0,0,
39721087,164485245,0,13837,118,18,117,50153556,0,0,0,
39672536,164573209,0,14636,119,23,118,50090298,0,0,0,
39720889,164188703,0,15272,121,3,120,50199350,0,0,0,
39128714,164400116,0,14938,115,15,80,50074606,0,0,0,
38134954,164235589,0,15387,118,38,41,50115454,0,0,0,
38115968,164115210,0,16460,118,22,40,50196191,0,0,0,
38128457,164024042,0,19484,118,43,40,50126152,0,0,0,
38155233,164166899,0,17917,130,28,40,50121408,0,0,0,
38213118,164376532,0,17293,118,31,41,50136773,0,0,0,
38315499,164542702,0,17602,120,47,40,50058698,0,0,0,
38175162,164164742,0,14324,91,24,40,50080529,0,0,0,
38179709,164636868,0,14816,93,126,44,49068856,0,0,0,
38299014,164749084,0,18082,60,48,59,48819088,0,0,0,
38197429,164232037,0,22548,59,39,40,48902077,0,0,0,
38204289,164195441,0,21335,61,28,40,48901053,0,0,0,
38215017,164155404,0,21716,63,74,44,48926780,0,0,0,
38097535,163889359,0,20939,62,37,42,48821071,0,0,0,
38132818,164031536,0,17461,62,18,97,48914263,0,0,0,
39035610,166725854,0,16017,63,23,68,48821699,0,0,0,
40494866,170597689,0,21294,62,14,107,48772479,0,0,0,
41895592,174877346,0,21665,63,44,112,48866730,0,0,0,
43278963,178406077,0,20378,63,26,111,48813068,0,0,0,
44647699,182706286,0,17683,62,42,112,48799415,0,0,0,
46082807,186666661,0,17639,61,74,112,48758453,0,0,0,
47552631,190916009,0,19273,62,9,111,48720474,0,0,0,
48924517,194662092,0,20530,61,33,108,48800393,0,0,0,
39600704,168160870,0,23431,52,12,111,48172810,0,0,0,
39682214,168646192,0,23181,51,44,111,47020591,0,0,0,
39727902,168660157,3,23799,236,15,305,45920865,0,3,0,
39647575,168752515,0,22451,52,57,122,44724047,0,0,0,
39724669,168623537,0,23068,54,24,113,43621487,0,0,0,
39648787,168257257,0,24542,53,71,113,42459153,0,0,0,
39886127,169075665,0,20730,69,26,111,41889068,0,0,0,
49639389,196780615,0,23954,111,30,113,41759378,0,0,0,
49687425,197319486,0,23722,112,89,116,41845241,0,0,0,
49688736,197374282,0,19668,152,86,156,41905501,0,0,0,
49569758,196731132,0,19146,113,66,114,41715341,0,0,0,
49565457,197099926,0,20517,116,48,115,41745950,0,0,0,
49606308,196619164,0,21138,119,86,118,41740253,0,0,0,
39678494,168728425,0,18734,117,80,118,50067320,0,0,0,
39681475,168683392,0,17622,116,20,115,49999146,0,0,0,
39721529,169089027,0,17136,117,35,118,50067122,0,0,0,
39696683,168868209,0,16454,115,22,115,50043073,0,0,0,
39641969,168741925,0,15796,116,23,116,50028548,0,0,0,
39678887,168877182,0,15459,116,38,116,49979935,0,0,0,
39643240,167937985,0,16983,118,95,116,50109527,0,0,0,
39682473,163786363,0,17017,117,62,117,50163588,0,0,0,
39717271,163923862,0,16077,120,21,120,50243473,0,0,0,
39718816,164452680,0,15785,117,33,122,50120987,0,0,0,
39635723,164278531,0,15560,119,61,137,50034237,0,0,0,
39724538,164624821,0,14263,118,54,118,50052497,0,0,0,
39721415,164384590,0,17588,119,50,118,50171173,0,0,0,
39107981,164335112,0,19969,119,63,83,50184700,0,0,0,
38048535,164264833,0,18913,117,37,41,50269657,0,0,0,
37938838,163757398,0,19237,122,16,44,50237973,0,0,0,
38104688,164258074,0,19038,120,31,42,50215629,0,0,0,
38150277,164376409,0,19677,119,23,41,50176670,0,0,0,
38014936,163823433,0,17521,117,39,40,50299660,0,0,0,
38136169,164189495,0,17681,116,30,40,50236861,0,0,0,
38054942,164070622,0,15518,91,17,40,49190867,0,0,0,
38072826,164062812,0,16590,61,72,41,48790414,0,0,0,
38199256,164396160,0,18398,63,3,41,48841328,0,0,0,
38038363,163932048,0,18075,59,34,41,48734757,0,0,0,
38109065,164228665,0,16809,64,24,41,48876473,0,0,0,
38100600,164163158,0,20327,60,47,41,48784542,0,0,0,
38067985,163926312,0,19998,59,42,41,48775550,0,0,0,
39491722,167695525,0,21184,59,17,66,48761372,0,0,0,
40781993,171679216,0,21078,62,80,109,48821308,0,0,0,
42254233,175510939,0,20505,62,9,110,48808109,0,0,0,
43660513,179707678,0,22160,78,47,130,48840712,0,0,0,
45016809,183640337,0,17731,61,9,110,48834163,0,0,0,
46395503,187432619,0,17459,61,36,110,48728188,0,0,0,
47735185,191317414,0,17058,65,38,112,48834360,0,0,0,
49141674,195378689,0,16637,60,0,109,48681367,0,0,0,
39645336,168730780,0,17571,52,40,111,47937008,0,0,0,
39683577,168851590,0,19015,52,34,114,46676976,0,0,0,
39685681,168831060,0,17952,52,35,109,45504780,0,0,0,
39644061,168610397,0,19536,51,28,112,44166138,0,0,0,
39605011,168527806,0,21143,53,17,113,43000722,0,0,0,
39681170,168529954,0,22187,51,26,112,41839101,0,0,0,
39724553,168731655,0,19268,69,20,109,41763821,0,0,0,
49605167,197051245,0,18557,116,36,116,41792666,0,0,0,
49523248,196750164,0,19283,113,48,113,41739276,0,0,0,
49646616,197039961,0,22298,112,50,114,41736629,0,0,0,
49522737,196702354,0,18080,112,17,112,41604536,0,0,0,
49685584,197052944,0,21903,113,72,120,41721065,0,0,0,
49605585,197027608,0,20350,110,61,112,41766559,0,0,0,
49526861,196548565,0,24419,112,35,113,41723899,0,0,0,
39641079,168669738,0,19593,117,50,118,50108588,0,0,0,
39761857,168915273,0,16326,115,39,115,50095806,0,0,0,
39649123,169087096,0,14707,116,41,116,50059597,0,0,0,
39719090,169180162,0,16483,117,18,117,50175449,0,0,0,
39722960,169185111,0,19713,116,19,114,50077085,0,0,0,
39759544,168250930,0,15156,114,30,113,50183263,0,0,0,
39723122,163901104,0,16221,118,12,119,50087256,0,0,0,
39641358,164349385,0,15649,119,38,118,50028234,0,0,0,
39641399,164433642,0,15680,120,25,118,50163928,0,0,0,
39723919,164448472,0,13418,128,104,128,50142977,0,0,0,
39721557,164574170,0,13233,119,21,120,50089335,0,0,0,
39599754,164334633,0,15061,118,19,118,50099561,0,0,0,
39477213,164110252,0,16677,232,94,195,50104150,0,0,0,
38101514,164052427,0,18881,114,35,78,50111182,0,0,0,
38274367,164701294,0,20180,120,38,40,50074306,0,0,0,
38040945,163769086,0,19658,120,14,41,50124170,0,0,0,
38116771,164487202,0,17826,117,44,41,50270529,0,0,0,
38175657,164160602,0,18014,117,11,40,50170149,0,0,0,
38139124,164371296,0,16689,119,38,41,50208820,0,0,0,
38174210,164240844,0,18059,116,67,40,50222532,0,0,0,
38028476,164104113,0,18159,92,54,40,49120689,0,0,0,
38064064,164202639,0,21674,62,72,41,48731402,0,0,0,
38228920,164259988,0,21918,60,80,41,48959447,0,0,0,
38128409,164106067,0,21069,68,99,42,48818594,0,0,0,
37992137,163623746,0,20743,60,35,40,48768335,0,0,0,
38210261,164348867,0,15903,63,37,42,48899951,0,0,0,
38222938,164145923,0,15303,60,20,67,48828084,0,0,0,
39724786,168335453,0,18589,59,50,76,48739154,0,0,0,
41062337,172367510,0,18947,61,23,109,48870970,0,0,0,
42388373,175939222,0,20823,61,13,111,48773120,0,0,0,
43998230,180562019,0,21160,63,42,110,48684130,0,0,0,
45539835,184911501,0,21902,62,18,109,48670599,0,0,0,
46917726,189010691,0,21719,63,45,112,48788473,0,0,0,
48353039,192811699,0,21050,60,23,113,48730761,0,0,0,
39641362,168550766,0,18404,50,36,111,48709859,0,0,0,
39727595,168846409,0,17879,52,63,113,47466492,0,0,0,
39684718,168524866,0,20618,52,27,113,46132794,0,0,0,
39643808,168739292,0,18920,50,35,112,44914347,0,0,0,
39645008,168348926,0,22607,52,61,112,43749794,0,0,0,
39771930,168692874,0,24533,52,48,111,42435561,0,0,0,
39645548,168531202,0,23107,70,14,109,41748459,0,0,0,
49612159,196757317,0,20821,111,32,114,41752167,0,0,0,
49603676,196870671,0,23893,114,20,122,41787597,0,0,0,
49607320,196879593,0,22231,114,23,114,41808464,0,0,0,
49649144,196905243,0,23040,114,36,115,41690593,0,0,0,
49766549,197649684,0,23091,115,20,114,41799997,0,0,0,
49771098,197309377,0,24354,112,51,122,41891531,0,0,0,
49602250,197177382,0,24708,112,19,112,41766530,0,0,0,
39722068,168748421,0,21123,113,18,114,50097422,0,0,0,
39639448,168551509,0,18072,113,45,114,50006491,0,0,0,
39760548,169409978,0,17176,115,48,115,50083756,0,0,0,
39721147,168987561,0,13693,117,47,117,50070271,0,0,0,
39679409,168996814,0,16570,115,30,116,49984713,0,0,0,
39802820,168239051,0,18584,115,37,118,50131546,0,0,0,
39597512,164623251,0,18051,117,92,117,50062558,0,0,0,
39641953,164347060,0,18637,116,49,115,50071442,0,0,0,
39671973,163969034,0,16645,116,23,116,50160868,0,0,0,
39639975,164666803,0,14677,114,47,114,50082748,0,0,0,
39723989,164304281,0,13099,116,43,116,50140436,0,0,0,
39679776,164167145,0,14585,120,42,119,50077236,0,0,0,
39161199,164269108,0,14266,115,2,79,50142028,0,0,0,
38086775,164432291,0,19414,116,49,40,50110144,0,0,0,
38148097,164408494,0,19083,117,27,40,50125157,0,0,0,
37816753,163679085,0,15777,118,33,42,50288850,0,0,0,
38147504,164374764,0,15138,117,53,50,50130796,0,0,0,
38109756,164148297,0,13283,119,19,42,50123916,0,0,0,
38114712,164211221,0,18974,118,27,40,50181771,0,0,0,
38179316,164309070,0,17320,89,18,40,49687882,0,0,0,
38108873,164131322,0,16698,173,50,41,48794316,0,0,0,
38141809,164119655,0,17952,65,32,45,48828612,0,0,0,
38194115,164580383,0,17173,63,47,46,48854253,0,0,0,
38164594,164251563,0,21538,60,36,42,48831458,0,0,0,
38111770,164022399,0,17983,62,43,41,48819454,0,0,0,
38096833,163813430,0,16351,63,40,41,48845672,0,0,0,
38767067,165726907,0,14430,59,30,67,48678943,0,0,0,
40404116,170436287,3,20924,236,73,124,48734207,0,3,0,
41774273,174352843,0,20584,60,25,107,48794566,0,0,0,
43224945,178244448,0,21910,61,20,111,48799663,0,0,0,
44599419,182544519,0,22005,62,45,110,48570592,0,0,0,
46318673,187275214,0,21434,62,44,110,48710544,0,0,0,
48040653,192171105,0,21087,62,46,109,48632246,0,0,0,
49421668,196054007,0,17285,62,37,109,48801239,0,0,0,
39726301,168646169,0,21837,51,50,110,47773857,0,0,0,
39722975,168843327,0,23038,51,22,112,46656095,0,0,0,
39642675,168261512,0,21596,51,34,113,45295147,0,0,0,
39723615,168859560,0,23450,51,28,120,44200875,0,0,0,
39726040,168497939,0,22654,53,39,112,43042478,0,0,0,
39805739,168801110,0,21125,67,34,110,41738340,0,0,0,
87600262,197044209,0,24015,107,37,100,41786950,0,0,0,
77764615,168781450,0,15504,127,74,109,33395256,0,0,0,
77568055,169013472,0,14391,122,89,108,33479662,0,0,0,
77706689,169158661,0,12573,120,34,104,33483213,0,0,0,
77629490,169347954,0,11220,120,90,107,33462876,0,0,0,
77566798,169195422,0,12870,120,52,72,33416785,0,0,0,
77751280,164702992,0,11506,124,102,32,33359950,0,0,0,
77754642,164581147,0,12287,126,97,39,33437767,0,0,0,
77816840,164650325,0,12007,126,29,32,33411177,0,0,0,
77706791,164381860,0,11098,127,28,33,33502943,0,0,0,
77717800,164162593,0,12722,129,16,32,33434440,0,0,0,
77702151,164010361,0,11756,125,40,32,33580984,0,0,0,
77715925,163881346,0,11611,123,0,32,32896366,0,0,0,
77770776,163858788,0,14496,128,73,32,31914347,0,0,0,
77972007,164596844,0,16446,126,7,33,32176685,0,0,0,
77906187,164867860,0,14898,129,79,39,32289135,0,0,0,
77825051,164287556,0,15408,126,50,33,32153670,0,0,0,
77745612,164268744,0,14189,127,56,32,32111193,0,0,0,
77866710,164437443,0,14213,137,69,44,32127101,0,0,0,
78127137,163916795,0,10605,101,27,59,31964527,0,0,0,
69536361,192414127,0,14273,61,52,106,40426396,0,0,0,
69413458,192552015,0,18076,64,3,106,40437782,0,0,0,
69537271,192092874,0,17001,60,44,103,40329993,0,0,0,
69454780,192044149,0,13714,63,52,104,40315697,0,0,0,
69454580,191979319,0,13600,62,38,105,40296367,0,0,0,
69578724,191757349,0,13372,61,28,101,40154041,0,0,0,
79416827,168819071,0,12637,56,37,104,33377303,0,0,0,
79619539,214651180,0,13901,55,26,107,47018925,0,0,0,
79460878,168722704,0,19557,59,77,107,33401721,0,0,0,
79380495,205679613,0,15200,58,30,106,44362413,0,0,0,
79298631,168818988,0,14915,56,11,105,33384301,0,0,0,
79338625,197018140,0,15543,57,49,106,41871991,0,0,0,
79295450,168555816,0,14989,73,9,102,33425878,0,0,0,
79412345,168702457,0,17289,114,29,107,33425981,0,0,0,
79490217,169041904,0,18605,115,28,108,33418115,0,0,0,
79370098,168911029,0,18987,171,28,162,33450149,0,0,0,
79574901,169411878,0,20281,114,37,106,33555103,0,0,0,
79452129,168638384,0,23643,114,24,107,33436752,0,0,0,
78071828,169100671,0,21145,115,49,104,33414021,0,0,0,
77625042,169011593,0,15403,127,57,108,33414432,0,0,0,
77868069,168347578,0,13192,124,70,113,33322734,0,0,0,
77704514,168795661,0,12428,124,45,107,33404349,0,0,0,
77653026,168873171,0,15607,124,39,107,33395136,0,0,0,
77633813,169170078,0,14163,123,45,106,33476436,0,0,0,
77580115,169098955,0,12319,123,8,74,33427272,0,0,0,
77859601,168715711,0,14054,126,19,33,33385155,0,0,0,
77781436,168986759,0,12599,127,55,32,33425185,0,0,0,
77728338,168816350,0,11176,125,10,33,33448110,0,0,0,
77821807,168679914,0,9811,128,30,33,33367114,0,0,0,
77794786,168780560,0,12475,184,24,32,33431952,0,0,0,
77640001,169571399,0,13932,129,20,32,33523386,0,0,0,
77616516,165477945,0,12811,125,16,32,33494322,0,0,0,
77838209,164149881,0,12582,125,57,36,33474773,0,0,0,
77598962,163919848,0,12754,131,34,32,33482947,0,0,0,
77725003,164085994,0,11160,128,55,34,33541571,0,0,0,
77632560,163986615,0,9932,133,55,38,33627044,0,0,0,
77551742,163653505,0,13559,129,23,32,33508298,0,0,0,
77710258,163964463,0,14122,123,60,33,32410651,0,0,0,
77736081,164052563,0,11281,127,33,32,32038100,0,0,0,
77632837,163707977,0,13001,127,20,33,31940650,0,0,0,
77609434,164102154,0,12140,128,54,33,32020396,0,0,0,
77553429,163369157,0,11231,128,12,33,31838976,0,0,0,
77726259,164307221,0,11623,127,76,34,32075522,0,0,0,
78516163,164047441,0,14259,100,64,59,32045676,0,0,0,
69497577,192360209,0,15089,62,39,105,40331520,0,0,0,
69577002,192183743,0,17794,66,35,105,40353683,0,0,0,
69537892,191734045,0,13924,62,31,103,40252217,0,0,0,
69533587,192273697,0,17478,64,21,105,40388487,0,0,0,
69537553,192019401,0,14738,61,42,105,40226580,0,0,0,
69618558,191560120,0,14836,63,21,102,40201288,0,0,0,
79501240,169298209,0,15366,55,40,103,33529782,0,0,0,
79256823,213261813,0,16942,59,64,111,46690925,0,0,0,
79296554,168233799,0,19117,57,50,120,33325936,0,0,0,
79414187,205695747,0,19272,57,25,108,44380356,0,0,0,
79265389,168761523,0,18082,58,49,104,33403758,0,0,0,
79581425,197280507,0,14375,74,51,103,41899175,0,0,0,
77790785,168704076,0,20578,112,65,104,33407621,0,0,0,
77786820,168628623,0,14472,125,16,109,33374927,0,0,0,
77642378,169040647,0,12376,122,54,109,33489007,0,0,0,
77590917,168895436,0,13216,129,100,112,33404158,0,0,0,
77698528,169056559,0,13079,123,49,108,33442026,0,0,0,
77588254,169223788,0,13580,121,29,80,33531817,0,0,0,
77546486,225419881,0,11404,119,14,72,50212387,0,0,0,
77706738,281856638,0,11876,125,22,33,66860454,0,0,0,
77729999,281544973,0,12539,127,4,32,66818249,0,0,0,
77712615,281488456,0,9168,126,21,32,66883799,0,0,0,
77606090,282300996,0,10038,126,85,33,67020881,0,0,0,
77820575,281331998,0,10087,127,29,33,66774268,0,0,0,
77588281,278309297,0,10766,127,29,34,67039435,0,0,0,
77726576,276639972,0,12734,126,13,33,66867434,0,0,0,
77802370,276906967,0,12916,129,49,35,66758698,0,0,0,
77832753,277037450,0,11918,132,35,32,66835140,0,0,0,
77781608,276658593,0,11970,129,36,34,66815481,0,0,0,
77823138,276939195,0,13769,127,7,32,66765212,0,0,0,
77815729,276831072,0,14468,129,40,34,66849033,0,0,0,
78886323,276917996,0,12832,157,68,33,65942251,0,0,0,
79410890,276659549,0,13989,69,2,32,65443913,0,0,0,
79290661,276937303,0,16231,69,40,32,65600370,0,0,0,
79175024,276928613,0,17853,69,0,33,65553853,0,0,0,
79574242,276697215,0,17718,71,45,33,65380202,0,0,0,
79383828,276713858,0,15750,74,9,36,65448188,0,0,0,
79371784,276902592,0,13324,70,13,64,65472306,0,0,0,
79303042,276900155,0,13471,70,57,63,65537846,0,0,0,
79416285,276773197,0,13803,60,0,105,65389059,0,0,0,
79300543,276656390,0,14908,116,30,161,65511842,0,0,0,
79496057,276789863,0,15587,61,30,106,65394168,0,0,0,
79497306,276626166,0,15194,62,29,106,65352456,0,0,0,
79377285,276509957,0,15074,61,0,104,65384488,0,0,0,
79455697,276630792,0,18199,78,20,102,65429661,0,0,0,
79329041,273339541,0,20586,124,7,106,64527149,0,0,0,
79407574,268589778,0,21972,126,13,108,63048358,0,0,0,
79491307,264362885,0,21437,123,41,106,61713102,0,0,0,
79489499,259449254,0,19896,125,0,106,60366258,0,0,0,
79527239,254629921,0,22593,128,29,109,58863517,0,0,0,
78092515,249473928,0,20736,122,16,103,57444323,0,0,0,
87591882,245158031,0,18211,123,55,107,56090159,0,0,0,
87499821,240117595,0,15173,128,27,110,54518022,0,0,0,
87654579,235638052,0,15982,126,14,109,53306107,0,0,0,
87705306,231688602,0,15767,125,27,107,52071982,0,0,0,
87669489,227472577,0,16767,130,13,111,50836773,0,0,0,
87642552,225402903,0,15529,118,57,101,50170670,0,0,0,
77763503,281039365,0,13317,138,0,121,66793062,0,0,0,
77728785,281006316,0,11715,126,33,109,66808463,0,0,0,
77851269,281278893,0,10960,122,0,105,66773446,0,0,0,
77592658,281647625,0,11181,124,18,106,66951487,0,0,0,
77610205,281990180,0,11104,128,7,110,66937220,0,0,0,
77664513,281829499,0,9834,123,23,77,66890181,0,0,0,
77673610,276934594,0,11197,131,43,33,66854495,0,0,0,
77840122,276772625,0,15174,128,29,33,66776198,0,0,0,
77712037,276687347,0,15636,127,13,33,66972995,0,0,0,
77638864,276847894,0,12468,124,20,32,66983037,0,0,0,
77700786,276655764,0,13443,129,36,32,66995600,0,0,0,
77586296,276654576,0,10308,130,46,34,67083325,0,0,0,
79226266,276382599,0,11241,102,20,32,65558083,0,0,0,
79455621,276502911,0,12361,72,15,32,65397058,0,0,0,
79375439,276647927,0,13990,70,46,32,65473812,0,0,0,
79415502,276559996,0,16091,71,13,32,65485073,0,0,0,
79416496,276823644,0,17506,70,28,33,65500578,0,0,0,
79460905,276557556,0,16424,71,5,35,65443026,0,0,0,
79415603,276654742,0,16870,70,28,59,65437065,0,0,0,
79503672,220164758,0,16818,58,0,103,48582235,0,0,0,
79338951,220948242,0,18834,59,20,105,48860905,0,0,0,
79501259,219956463,0,19324,59,25,104,48607201,0,0,0,
79500776,220449856,0,17270,61,17,103,48674938,0,0,0,
79342879,220780790,0,18202,60,53,104,48814313,0,0,0,
79299743,220493371,0,17851,78,0,102,48803540,0,0,0,
79531891,275859789,0,19482,124,35,107,65134602,0,0,0,
79570506,271328992,0,18866,125,53,106,63819321,0,0,0,
79409486,266266779,0,16006,124,16,106,62352535,0,0,0,
79533220,261693456,0,19481,122,32,106,60961266,0,0,0,
79491960,256654469,0,21637,127,32,109,59467670,0,0,0,
78738042,251692365,0,18418,129,60,161,58052693,0,0,0,
87616774,168895859,0,19441,123,42,107,33410804,0,0,0,
87571241,241860985,0,14937,124,25,107,55070506,0,0,0,
87526420,169042705,0,15014,127,4,108,33453575,0,0,0,
87736436,232206442,0,14278,127,15,107,52288132,0,0,0,
87782942,168447128,0,17691,124,6,106,33344068,0,0,0,
87759720,224827677,0,15267,121,41,103,50051351,0,0,0,
77815518,280914795,0,15292,122,26,105,66654453,0,0,0,
77756112,281679357,0,14265,125,0,108,66839042,0,0,0,
77751443,281411533,0,11268,182,48,107,66856856,0,0,0,
77758500,281843496,3,9320,134,0,287,66857333,0,3,0,
77710439,281006891,0,9218,128,19,110,66714868,0,0,0,
77830554,280901814,0,10474,127,11,109,66659223,0,0,0,
77870499,281102927,0,11837,143,42,72,66724888,0,0,0,
77714626,281376501,0,12694,130,21,36,66862646,0,0,0,
77681742,281691085,0,12162,126,0,32,66879330,0,0,0,
77690146,281444259,0,11417,127,16,32,66841416,0,0,0,
77802082,281346101,0,10564,128,7,34,66771493,0,0,0,
77762897,281257857,0,9814,129,22,33,66815918,0,0,0,
77779190,281259347,0,11475,126,11,33,66825489,0,0,0,
77672079,280095514,0,11717,126,20,33,66871880,0,0,0,
77651174,276729969,0,14132,129,39,32,66962049,0,0,0,
77799134,276188643,0,16120,127,0,32,66810208,0,0,0,
77643759,276531403,0,12494,130,23,34,66998941,0,0,0,
77685525,276530296,0,12783,128,8,32,66885665,0,0,0,
77854540,276696862,0,13671,128,13,34,66836622,0,0,0,
77828450,276688499,0,13826,128,21,32,66767606,0,0,0,
79093545,276641989,0,11336,100,3,32,65792317,0,0,0,
79576678,276530756,0,13381,71,29,32,65332237,0,0,0,
79540467,276626249,0,13995,69,13,32,65352414,0,0,0,
79576270,276664346,0,16288,69,33,32,65363522,0,0,0,
79297977,277023691,0,17126,72,2,33,65540466,0,0,0,
79411179,276821571,0,14899,69,40,32,65480784,0,0,0,
79416404,276387079,0,13442,69,27,60,65380446,0,0,0,
79501490,220140164,0,13256,59,3,104,48644016,0,0,0,
79539959,220237622,0,14123,61,49,105,48636235,0,0,0,
79503211,220193622,0,15421,61,0,105,48600209,0,0,0,
79537326,219866690,0,16077,58,41,105,48573494,0,0,0,
79477654,220166500,0,18065,87,8,107,48697736,0,0,0,
79573978,275343832,0,15186,123,12,106,65040474,0,0,0,
79452736,270109849,0,15722,126,19,106,63486233,0,0,0,
79411820,265698531,0,16189,131,37,104,62189640,0,0,0,
79491201,261001198,0,20944,125,26,106,60715925,0,0,0,
79573976,255911032,0,21081,126,1,107,59205832,0,0,0,
78435194,250961573,0,19967,123,31,104,57775276,0,0,0,
87609263,168846102,0,17603,127,72,105,33425960,0,0,0,
87474919,241186600,0,14695,129,41,110,54902944,0,0,0,
87603256,168864484,0,14933,129,19,108,33503241,0,0,0,
87676771,231762106,0,15824,126,0,109,52184374,0,0,0,
87755526,168319913,0,19097,130,53,106,33293866,0,0,0,
87609928,224954509,0,15334,123,23,104,50146079,0,0,0,
77816054,280903332,0,14188,126,35,108,66681661,0,0,0,
77789903,281561747,0,13674,127,0,109,66792558,0,0,0,
77802996,281318120,0,11967,127,20,108,66783775,0,0,0,
77784380,281328848,0,9718,124,10,107,66780925,0,0,0,
77703516,281218690,0,9396,184,10,164,66739829,0,0,0,
77730084,281320074,0,10683,124,71,106,66735176,0,0,0,
77777952,280814591,0,10852,122,52,72,66697328,0,0,0,
77778186,281702852,0,12387,125,35,32,66856304,0,0,0,
77607586,281859352,0,12551,124,10,32,66940122,0,0,0,
77620268,281877715,0,11910,183,18,89,66933726,0,0,0,
77603944,282133575,0,11490,127,21,33,67009528,0,0,0,
77600537,281962404,0,10089,126,1,32,66955908,0,0,0,
77631777,279794573,0,8703,126,20,33,66956783,0,0,0,
77559187,276435111,0,14802,126,8,32,67025335,0,0,0,
77891277,276679748,0,15970,128,35,32,66718321,0,0,0,
77786213,277098406,0,15036,127,18,32,66863692,0,0,0,
77719471,276818733,0,14690,127,9,32,66843344,0,0,0,
77739235,276761479,0,11465,131,30,33,66887073,0,0,0,
77635211,276615578,0,10607,126,43,32,66967989,0,0,0,
79158874,276661323,0,11925,101,18,32,65706447,0,0,0,
79498677,276665209,0,15494,72,29,35,65410353,0,0,0,
79414669,276722457,0,18094,69,66,32,65463834,0,0,0,
79334678,276596352,0,17709,69,88,33,65500474,0,0,0,
79512626,276698282,0,17786,73,45,32,65408184,0,0,0,
79321060,276717906,0,16073,81,29,40,65457014,0,0,0,
79336902,276808035,0,17324,70,0,60,65512502,0,0,0,
79340462,276676113,0,15067,69,14,66,65507477,0,0,0,
79418016,220701964,0,14193,88,53,104,48819891,0,0,0,
79381571,220624032,0,14176,60,0,102,48790758,0,0,0,
79297251,220665650,0,19429,61,16,103,48849190,0,0,0,
79382548,220683253,0,17484,61,24,103,48815220,0,0,0,
79420483,220634598,0,16486,60,0,103,48797457,0,0,0,
79336166,220406571,0,18224,79,64,101,48813586,0,0,0,
79292370,276116381,0,19575,124,0,107,65350546,0,0,0,
79248151,272338781,0,19813,126,16,106,64200057,0,0,0,
79363191,268473964,0,15738,129,30,106,63056307,0,0,0,
79335280,264843447,0,15811,125,29,106,61957083,0,0,0,
79408492,260932573,0,15907,123,31,105,60694856,0,0,0,
79411946,256633179,0,17619,128,0,105,59490607,0,0,0,
78760105,251730271,0,16912,124,24,105,57958485,0,0,0,
87566317,168643555,0,16024,123,8,107,33398194,0,0,0,
87623502,242487295,0,14892,126,13,108,55372640,0,0,0,
87567807,168841229,0,14564,125,20,105,33426828,0,0,0,
87693736,233947130,0,13710,126,52,107,52760241,0,0,0,
87740406,168719830,0,15054,126,38,107,33320817,0,0,0,
87652608,226118952,0,15568,124,0,107,50431119,0,0,0,
87520188,169178472,0,17149,123,37,104,33437519,0,0,0,
97503504,169182731,0,17711,126,26,110,33423214,0,0,0,
97484491,169191807,0,16439,127,33,108,33490828,0,0,0,
97544900,169198106,0,15663,127,7,110,33486960,0,0,0,
97596367,168773725,0,14633,128,26,112,33324948,0,0,0,
97497698,169122332,0,18600,124,23,107,33430418,0,0,0,
97345296,169282161,0,16446,122,0,73,33508328,0,0,0,
97654523,168909708,0,16947,128,24,35,33432323,0,0,0,
97524674,169338279,0,15890,126,30,32,33446422,0,0,0,
97382868,169301751,0,16248,183,29,34,33441269,0,0,0,
97635982,169127085,0,17343,129,7,33,33418300,0,0,0,
97563951,168731076,0,17252,127,8,33,33342890,0,0,0,
97556578,166342651,0,18339,124,51,32,33392682,0,0,0,
97549209,163853670,0,18920,127,0,32,33437887,0,0,0,
97462609,163998565,0,20058,127,21,32,33603908,0,0,0,
97403067,163738624,0,18006,133,7,37,33508640,0,0,0,
97464207,164067704,0,14430,125,42,32,33592921,0,0,0,
97545183,164063334,0,17075,131,21,32,33508636,0,0,0,
97578351,164312008,0,17915,156,12,100,32659719,0,0,0,
97653779,164070438,0,21192,70,31,32,32019106,0,0,0,
97563754,164510507,0,19932,70,3,32,32070001,0,0,0,
97513793,163670298,0,20824,71,37,32,31928986,0,0,0,
97466272,163760353,0,21035,72,7,36,31845237,0,0,0,
97466869,163704340,0,16092,75,16,36,31935055,0,0,0,
97855035,164106307,0,15559,70,30,61,32051702,0,0,0,
79291850,220704741,0,13159,65,59,105,48833887,0,0,0,
79418312,220417627,0,14734,60,36,110,48810366,0,0,0,
79377162,220697954,0,18702,59,43,105,48784389,0,0,0,
79418259,220569219,0,18995,60,16,106,48712685,0,0,0,
79340027,220409309,0,17549,61,7,105,48802688,0,0,0,
79417826,220777623,0,15096,62,14,102,48800424,0,0,0,
79381569,220525565,0,15356,83,18,102,48726326,0,0,0,
79329825,275481210,0,19667,126,17,108,65049529,0,0,0,
79410680,271264691,0,20284,124,34,106,63771624,0,0,0,
79520259,267155159,0,16418,125,35,105,62533328,0,0,0,
79410806,262261340,0,15976,127,29,106,61125504,0,0,0,
79332933,257857568,0,17540,127,3,107,59928908,0,0,0,
79290261,253731247,0,18060,125,16,105,58665492,0,0,0,
78163014,249517017,0,16217,123,31,104,57380651,0,0,0,
87572151,169085410,0,16557,121,14,105,33498515,0,0,0,
87602894,240353041,0,14117,127,22,113,54693474,0,0,0,
87615535,168725651,0,14786,122,43,105,33430565,0,0,0,
87702614,232341827,0,13530,125,28,107,52251134,0,0,0,
87644630,168627354,0,16772,124,33,106,33428770,0,0,0,
87661534,225131185,0,15424,123,16,104,50054816,0,0,0,
77657389,281848537,0,14051,125,44,110,66908098,0,0,0,
77690095,281838436,0,12831,126,16,108,66909891,0,0,0,
77681169,281769137,0,10737,129,52,110,66883190,0,0,0,
77729961,281191352,0,9469,126,61,113,66744829,0,0,0,
77762489,281000901,0,11501,126,11,107,66712163,0,0,0,
77842375,281274933,0,13515,128,13,109,66806638,0,0,0,
77808721,281489557,0,13465,123,23,73,66789825,0,0,0,
77701904,281587376,0,12884,123,27,32,66927159,0,0,0,
77886351,281332633,0,11745,123,25,32,66778849,0,0,0,
77646151,281328194,0,10891,126,1,32,66847920,0,0,0,
77672549,281525359,0,9802,125,20,32,66786559,0,0,0,
77718609,281763213,0,9262,126,28,32,66940550,0,0,0,
77698976,280375771,0,10367,124,25,33,66876175,0,0,0,
77621400,276561414,0,11022,127,17,32,67035169,0,0,0,
77547568,276421876,0,13102,130,0,34,67028727,0,0,0,
77682014,276338428,0,12459,129,19,33,66946980,0,0,0,
77843037,276529872,0,11981,133,46,32,66774331,0,0,0,
77772425,276660853,0,13855,129,13,33,66927086,0,0,0,
78169703,276402985,0,9946,100,30,33,66514064,0,0,0,
79453236,276628381,0,10832,70,25,34,65356994,0,0,0,
79372157,276656964,0,14041,69,46,34,65434709,0,0,0,
79255190,276898844,0,13723,72,0,34,65573829,0,0,0,
79251368,276641589,0,13921,72,53,32,65508701,0,0,0,
79417165,276855777,0,13485,70,9,32,65451811,0,0,0,
79375500,276778027,0,13215,70,12,32,65470298,0,0,0,
79386566,276874479,0,13081,73,25,62,65427764,0,0,0,
79342990,220640111,0,13478,59,1,104,48791795,0,0,0,
79377012,220129270,0,13172,59,27,104,48678603,0,0,0,
79338466,220386776,0,15179,60,20,104,48722282,0,0,0,
79376471,220683141,0,18525,117,41,103,48822998,0,0,0,
79423032,220452275,0,18998,61,9,104,48750891,0,0,0,
79418686,220404268,0,18056,77,14,101,48665141,0,0,0,
79412297,276007751,0,19151,125,23,106,65245613,0,0,0,
79245111,271817280,0,19145,182,45,108,64074048,0,0,0,
79329416,267731030,0,15625,124,28,106,62817306,0,0,0,
79491778,263589195,0,16521,125,0,107,61544219,0,0,0,
79410908,258541553,0,17533,123,28,104,60057257,0,0,0,
79374186,254040096,0,17273,126,7,106,58720879,0,0,0,
78246444,249841271,0,18960,124,37,106,57537163,0,0,0,
87719461,168686655,0,18260,122,0,105,33420357,0,0,0,
87509795,241552238,0,16267,125,21,108,55016427,0,0,0,
87589376,169000521,0,16965,125,7,107,33482140,0,0,0,
87494843,231524453,0,16471,124,14,107,51966921,0,0,0,
87653681,168588732,0,17134,122,21,105,33387951,0,0,0,
87746293,224416503,0,17396,121,54,104,49958056,0,0,0,
77649828,281832468,0,13804,124,41,107,66877320,0,0,0,
77741097,281663654,0,12708,127,0,109,66857968,0,0,0,
77703284,281683044,0,10962,125,52,107,66815423,0,0,0,
77760096,281089872,0,8951,126,28,109,66708676,0,0,0,
77602972,281540968,0,11592,125,24,109,66914888,0,0,0,
77617449,281781598,0,10640,123,7,74,66909798,0,0,0,
77726396,281512316,0,11766,129,0,36,66792922,0,0,0,
77558921,281775697,0,12955,124,26,32,66946369,0,0,0,
77643811,281759284,0,12664,132,31,32,66891612,0,0,0,
77670425,281871332,0,12127,127,23,32,66857773,0,0,0,
77748795,281806615,0,11811,125,7,32,66914055,0,0,0,
77707658,280723763,0,9937,126,15,34,66908476,0,0,0,
77628236,276558264,0,14387,128,31,33,66955310,0,0,0,
77776807,276562639,0,14244,128,3,34,66808404,0,0,0,
77796317,276887037,0,12452,129,43,33,66866347,0,0,0,
77756323,276712612,0,13573,128,42,33,66950888,0,0,0,
77616103,276443572,0,12825,127,23,33,66997148,0,0,0,
77751764,276961415,0,14702,129,31,32,66981285,0,0,0,
79171290,276405447,0,11026,100,2,32,65614307,0,0,0,
79413306,276659181,0,11284,72,27,34,65368892,0,0,0,
79497283,276564432,0,14029,71,17,33,65373443,0,0,0,
79377914,276537635,0,13982,70,27,32,65404075,0,0,0,
79378606,276922107,0,16133,73,0,36,65456247,0,0,0,
79335107,276918918,0,17189,70,20,33,65482012,0,0,0,
79498941,276451566,0,13916,74,10,61,65377590,0,0,0,
79419250,220920157,0,12228,61,20,102,48808317,0,0,0,
79420429,220229227,0,18599,60,31,105,48720504,0,0,0,
79421272,220572042,0,14868,59,16,103,48818089,0,0,0,
79557350,220181831,0,15350,59,31,104,48587442,0,0,0,
79500044,220458359,0,16423,62,45,105,48677205,0,0,0,
79500855,220281709,0,16239,83,41,106,48702696,0,0,0,
79490073,274629247,0,15397,125,32,106,64834613,0,0,0,
79493908,270310045,0,16623,127,10,106,63519191,0,0,0,
79492884,265540354,0,19038,124,20,106,62069291,0,0,0,
79369786,261019286,0,19795,123,0,105,60760844,0,0,0,
79571211,256785215,0,20897,125,31,107,59476494,0,0,0,
78942508,252170599,0,17284,121,12,103,58099699,0,0,0,
87536860,168645179,0,19534,124,44,106,33418631,0,0,0,
87509929,242207839,0,17505,125,0,109,55255550,0,0,0,
87730259,168501742,0,15299,128,57,165,33295962,0,0,0,
87634293,233330826,0,13825,126,33,108,52512202,0,0,0,
87681721,168840387,0,16911,122,0,107,33426498,0,0,0,
87665073,224921885,0,15106,127,31,107,50142772,0,0,0,
87646636,168473891,0,17005,121,0,105,33305040,0,0,0,
97649665,168292969,0,21117,130,72,108,33332826,0,0,0,
97494676,169445765,0,15835,127,7,110,33497603,0,0,0,
97430933,169084822,0,15731,124,13,106,33421639,0,0,0,
97563088,168927186,0,17582,125,21,107,33404645,0,0,0,
97397428,169225121,0,16403,126,12,108,33492402,0,0,0,
97619042,168847294,0,17130,122,23,72,33385956,0,0,0,
97534801,169174616,3,18700,305,6,205,33517969,0,3,0,
97436586,169341847,0,16048,130,56,33,33450720,0,0,0,
97533243,168874885,0,14463,136,15,34,33419896,0,0,0,
97399984,168847222,0,17006,127,14,33,33446105,0,0,0,
97497744,169381508,0,17509,127,22,33,33572244,0,0,0,
97517271,164799930,0,17248,125,21,33,33539652,0,0,0,
97448162,163828082,0,19256,125,25,33,33556596,0,0,0,
97461076,164351596,0,16726,127,29,32,33571081,0,0,0,
97535983,163878130,0,16124,127,14,32,33580301,0,0,0,
97498231,163562525,0,13589,132,18,34,33518223,0,0,0,
97447111,163850792,0,16624,99,3,32,33177522,0,0,0,
97392003,163574981,0,20374,72,28,32,31913165,0,0,0,
97425120,163546002,0,21714,70,4,32,31928962,0,0,0,
97448820,163469407,0,21285,72,39,34,31841018,0,0,0,
97524007,164021138,0,17385,70,0,33,31992935,0,0,0,
97598228,164168650,0,19274,68,22,32,32046073,0,0,0,
97904949,164272340,0,18896,69,31,60,32102908,0,0,0,
79422810,220216767,0,17866,61,1,105,48671544,0,0,0,
79338366,220405116,0,17288,59,22,103,48812290,0,0,0,
79258959,220674294,0,18189,60,0,103,48854073,0,0,0,
79306242,220958624,0,19496,62,36,106,48865191,0,0,0,
79501706,220426658,0,17261,60,3,110,48745486,0,0,0,
79499891,220372169,0,16492,60,17,103,48726272,0,0,0,
79421110,220544480,0,17624,79,25,103,48740867,0,0,0,
79326270,274088569,0,15575,135,12,108,64675229,0,0,0,
79412657,269355599,0,16565,127,19,110,63337098,0,0,0,
79532152,264535358,0,16533,124,3,106,61836387,0,0,0,
79449112,259609587,0,16851,125,51,107,60339261,0,0,0,
79534564,254558590,0,17694,126,0,107,58837786,0,0,0,
78214359,250042324,0,19807,123,9,104,57583444,0,0,0,
87680828,168920456,0,19069,125,45,108,33381416,0,0,0,
87635754,240893958,0,17301,145,23,108,54766582,0,0,0,
87513428,168762352,0,16699,125,35,107,33448882,0,0,0,
87732074,231544588,0,12675,125,0,108,52129127,0,0,0,
87609034,168562604,0,17830,125,40,106,33340569,0,0,0,
87629937,225114558,0,16244,121,9,103,50201762,0,0,0,
77612139,282049390,0,12740,124,20,109,66944113,0,0,0,
77807638,281419588,0,12631,126,10,108,66750217,0,0,0,
77815750,281300971,0,10558,125,16,115,66784579,0,0,0,
77829192,280982573,0,9077,125,31,107,66728405,0,0,0,
77842715,281006616,0,8040,127,0,109,66715798,0,0,0,
77791254,280833512,0,10678,126,58,108,66748252,0,0,0,
77642674,281779730,0,10169,120,13,73,66916990,0,0,0,
77614915,281828377,0,11799,125,21,33,66931655,0,0,0,
77723626,282045600,0,11749,124,10,32,66913353,0,0,0,
77713844,281849420,0,10480,131,12,36,66892849,0,0,0,
77635551,281982869,0,9754,125,21,32,66968623,0,0,0,
77682701,281639411,0,11729,127,25,32,66821742,0,0,0,
77742251,279340493,0,12178,126,35,39,66897527,0,0,0,
77681310,276337241,0,14769,186,34,88,66997558,0,0,0,
77677906,276480182,0,15661,129,17,34,66942783,0,0,0,
77743485,276210304,0,12618,127,47,33,66912171,0,0,0,
77742918,276696130,0,11993,134,50,39,66944107,0,0,0,
77568178,276453266,0,13699,128,33,36,67011710,0,0,0,
78502402,276707221,0,14233,101,38,35,66269380,0,0,0,
79578246,276450432,0,15602,72,0,33,65303230,0,0,0,
79499726,276848295,0,17954,71,47,33,65460751,0,0,0,
79376447,276933158,0,14734,69,4,32,65446838,0,0,0,
79293371,276922429,0,13946,69,20,32,65591637,0,0,0,
79577735,276417305,0,14223,68,7,32,65300813,0,0,0,
79377069,276656867,0,13589,71,18,60,65440582,0,0,0,
79380756,220684150,0,13101,61,41,106,48780431,0,0,0,
79258146,220554094,0,17374,59,0,104,48858031,0,0,0,
89436146,220289771,0,21569,59,41,102,48673701,0,0,0,
79502816,220462892,0,18302,60,1,105,48722725,0,0,0,
79499693,220434980,0,18857,60,20,104,48749690,0,0,0,
79462949,220609704,0,18036,60,7,104,48782637,0,0,0,
79331312,220689763,0,14835,83,44,103,48834241,0,0,0,
79371338,274202395,0,18849,125,27,107,64678223,0,0,0,
79409152,269565350,0,19559,123,24,104,63337868,0,0,0,
79573271,265161436,0,20303,126,20,108,61946529,0,0,0,
79494486,259823603,0,19439,125,0,106,60404268,0,0,0,
79409091,255137319,0,21022,124,23,105,59015632,0,0,0,
78470390,250657301,0,17267,124,24,105,57788946,0,0,0,
87446743,168907110,0,15634,124,0,107,33519689,0,0,0,
87563274,241092263,0,17408,127,49,110,54881178,0,0,0,
87501732,168880649,0,16574,124,0,106,33482942,0,0,0,
87491549,231095791,0,17879,125,36,107,51885908,0,0,0,
87570541,168803238,0,19273,126,27,109,33485135,0,0,0,
87553728,225306909,0,18242,120,43,104,50213865,0,0,0,
77697929,281903753,0,14052,125,8,108,66897716,0,0,0,
77811437,280905727,0,12141,125,13,109,66744077,0,0,0,
77786630,281160001,0,10940,124,33,107,66769768,0,0,0,
77658987,281582941,0,8557,126,0,108,66886406,0,0,0,
77791745,281266838,0,13526,126,30,109,66689741,0,0,0,
77532070,281773130,0,12238,123,0,73,66983184,0,0,0,
77745661,281459198,0,12885,126,17,33,66852147,0,0,0,
77598444,281925319,0,12752,126,7,32,66949007,0,0,0,
77680436,282039242,0,10927,126,13,32,66948936,0,0,0,
77681121,281838153,0,9098,126,20,33,66915178,0,0,0,
77579920,282080841,0,9279,126,0,32,66922007,0,0,0,
77566815,280041663,0,8653,123,21,32,67016566,0,0,0,
77606712,276907685,0,11667,126,7,32,67049642,0,0,0,
77595764,276544122,0,13059,125,36,32,67023842,0,0,0,
77624491,276389719,0,12326,127,20,32,67031137,0,0,0,
77664351,276644840,0,11585,127,12,32,67006116,0,0,0,
77573902,276371831,0,10887,129,19,33,66973123,0,0,0,
78738326,276502956,0,10535,102,0,33,66004268,0,0,0,
79455223,276363859,0,11810,72,21,33,65315499,0,0,0,
79372552,276716910,0,18040,71,7,32,65463747,0,0,0,
79253746,277051223,0,14581,126,43,33,65560890,0,0,0,
79418083,276373754,0,13887,70,24,33,65421487,0,0,0,
